titel;Autor_old;autor;hkat;ukat1;ukat2;swort
Hypatia;Arnulf Zitelmann;Zitelmann, Arnulf ;5;10;;
Verschollen in der Pyramide;Rosa Naumann;Naumann, Rosa ;5;10;;
Ich fand Tut-ench-Amun;Howard Carter;Carter, Howard ;5;10;;
Rette dich Pharao;Josef Carl Grund;Grund, Josef Carl;5;10;;
die Welt der Pharaonen;Hans Baumann;Baumann, Hans ;5;10;;
Helen Keller;Evelyn Clevé;Clevé, Evelyn ;4;24;;
M.C. Higgins, der Grosse;Virginia Hamilton;Hamilton, Virginia ;4;24;;
Entführung nach Hause;Iva Procházková;Procházková, Iva ;4;24;;
Theos Reise;Catherine Clément;Clément, Catherine ;4;24;;
Ein Anruf von Sebastian;Irina Korschunow;Korschunow, Irina ;4;24;;
Blaupause blueprint;Charlotte Kerner;Kerner, Charlotte ;4;24;;
Blaupause blueprint;Charlotte Kerner;Kerner, Charlotte ;4;24;;
Blaupause blueprint;Charlotte Kerner;Kerner, Charlotte ;4;24;;
Meine Schwester Sara;Ruth Weiss;Weiss, Ruth ;4;24;;
Was du willst;David Klass;Klass, David ;4;24;;
Mit offenen Augen;Joyce Carol Oates;Oates, Joyce Carol ;4;24;;
Sexy;Joyce Carol Oates;Oates, Joyce Carol ;4;24;;
Zwei Wege in den Sommer;Robert Habeck, Andrea Paluch;Paluch, Andrea / Habeck, Robert ;4;24;;
Wohin du mich führst;David Grossman;Grossman, David ;4;24;;
Im Schatten der Wächter;Graham Gardner;Gardner, Graham ;4;24;;
Und was ist mit mir?;Monika Feth;Feth, Monika ;4;24;;
Der Graf von Monte Christo;Alexandre Dumas;Dumas, Alexandre ;4;24;;
Luna;Julie Anne Peters;Peters, Julie Anne;4;24;;
Eine wie Alaska;John Green;Green, John ;4;24;;
Pawlows Kinder;Simon Borowiak;Borowiak, Simon ;4;24;;
Mauer aus Wut;Mats Wahl;Wahl, Mats ;4;24;;
Du musst die Wahrheit sagen;Mats Wahl;Wahl, Mats ;4;24;;
Alles nur ein Spiel?;Mariah;Mariah, ;4;24;;
Unter Freunden;Thomas Fuchs;Fuchs, Thomas ;4;24;;
Wir Kinder vom Bahnhof Zoo;Christiane F.;F., Christiane ;4;24;;
Behalt das Leben lieb;Jaap ter Haar;Haar, Jaap ter;4;24;;
Am kürzeren Ende der Sonnenallee;Thomas Brussig;Brussig, Thomas ;4;24;;
Ich hab dir nie einen Rosengarten versprochen;Hannah Green;Green, Hannah ;4;24;;
Nicht ohne meine Tochter;Betty Mahmoody;Mahmoody, Betty ;4;24;;
Die neuen Leiden des jungen W.;Ulrich Plenzdorf;Plenzdorf, Ulrich ;4;24;;
Die Tante Jolesch;Friedrich Torberg;Torberg, Friedrich ;4;24;;
Die Erben der Tante Jolesch;Friedrich Torberg;Torberg, Friedrich ;4;24;;
Der Abituriententag;Franz Werfel;Werfel, Franz ;4;24;;
Der menschliche Makel;Philip Roth;Roth, Philip ;4;24;;
Kristina, vergiß nicht…;Willi Fährmann;Fährmann, Willi ;4;24;;
Wüstenblume;Waris Dirie;Dirie, Waris ;4;24;;
Nomadentochter;Waris Dirie;Dirie, Waris ;4;24;;
Das Land, in dem man noe ankommt;André Dhôtel;Dhôtel, André ;4;24;;
Sansibar oder der letzte Grund;Alfred Andersch;Andersch, Alfred ;4;24;;
Der Weg in die Traumzeit;Jackie French;French, Jackie ;4;24;;
Der lange Weg des Lukas B.;Willi Fährmann;Fährmann, Willi ;4;24;;
Denken heisst zum Teufel beten;Wolfgang Kirchner;Kirchner, Wolfgang ;4;24;;
Lucy;Jamaica Kincaid;Kincaid, Jamaica ;4;24;;
Der Tunnel;Bernhard Kellermann;Kellermann, Bernhard ;4;24;;
Die Memoiren des Peterhans von Binningen;Curt Goetz;Goetz, Curt ;4;24;;
Die Macht des Feuers;Henning Mankell;Mankell, Henning ;4;24;;
Ein friedlicher Ort;Joan Lingard;Lingard, Joan ;4;24;;
Oya Fremde Heimat Türkei;König/Straube/Taylan;König/Straube/Taylan, ;4;24;;
Madison und die Freiheit der Jugend;Norma Klein;Klein, Norma ;4;24;;
Das Große Kishon Buch;Langen Müller;Müller, Langen ;4;24;;
Sie haben mich zu einem Ausländer gemacht…;;0;4;24;;
Simple;Marie-Aude Murail;Murail, Marie-Aude ;4;24;;
Simple;Marie-Aude Murail;Murail, Marie-Aude ;4;24;;
Verkauft;Patricia McCormick;McCormick, Patricia ;4;24;;
Marcus Rosenbloom und die Liebe;Harry Mazer;Mazer, Harry ;4;24;;
Meinst du, der Falke hat uns gesehen?;Norma Mazer;Mazer, Norma ;4;24;;
Na, Schwesterech?;Norma Mazer;Mazer, Norma ;4;24;;
Rosalenas Spiegel;Anne Provoost;Provoost, Anne ;4;24;;
Die Zeit der geheimen Wünsche;Iva Procházková;Procházková, Iva ;4;24;;
Leihst du mir deinen Blick;Valérie Zenatti;Zenatti, Valérie ;4;24;;
Wir treffen uns wieder in meinem Paradies;Christel & Isabell Zachert;Zachert, Isabell & Christel ;4;24;;
Nur eine Liste;Siobhan Vivian;Vivian, Siobhan ;4;24;;
Salto abwärts;Dieter Schliwka;Schliwka, Dieter ;4;24;;
Aristoteles und Dnate entdecken die Geheimnisse des Universums;Benjamin Alire Sáenz;Sáenz, Benjamin Alire ;4;24;;
Onkel Toms Hütte;H. Beecher-Stowe;Beecher-Stowe, H. ;5;11;;
Der Stern der Cherokee;Forest Carter;Carter, Forest ;5;11;;
Der Stern der Cherokee;Forest Carter;Carter, Forest ;5;11;;
Der fliegende Pfeil;Fritz Steuben;Steuben, Fritz ;5;11;;
Der rote Sturm;Fritz Steuben;Steuben, Fritz ;5;11;;
Hinter den Bergen die Freiheit;Günter Sachse;Sachse, Günter ;5;11;;
Becky Brown - Versprich nach mir zu suchen;Rainer M. Schröder;Schröder, Rainer M.;5;11;;
Abby Lynn 1;Rainer M. Schröder;Schröder, Rainer M.;5;11;;
Abby Lynn 2;Rainer M. Schröder;Schröder, Rainer M.;5;11;;
Abby Lynn 3;Rainer M. Schröder;Schröder, Rainer M.;5;11;;
Abby Lynn 4;Rainer M. Schröder;Schröder, Rainer M.;5;11;;
Die Kinderkarawane;An Rutgers;Rutgers, An ;5;11;;
Der Raub des Chinabaumes;Alfred Hageni;Hageni, Alfred ;5;11;;
Sheriffs Räuber TexasRangers;Frederik Hetmann;Hetmann, Frederik ;5;11;;
Unsere kleine Farm;Laura Ingalls Wilder;Wilder, Laura Ingalls;5;11;;
Unsere kleine Farm 2;Laura Ingalls Wilder;Wilder, Laura Ingalls;5;11;;
Unsere kleine Farm 3;Laura Ingalls Wilder;Wilder, Laura Ingalls;5;11;;
Unsere kleine Farm 4;Laura Ingalls Wilder;Wilder, Laura Ingalls;5;11;;
Unsere kleine Farm 5;Laura Ingalls Wilder;Wilder, Laura Ingalls;5;11;;
Unsere kleine Farm 6;Laura Ingalls Wilder;Wilder, Laura Ingalls;5;11;;
Unsere kleine Farm 7;Laura Ingalls Wilder;Wilder, Laura Ingalls;5;11;;
das gläserne Messer;John Tully;Tully, John ;5;11;;
Roots;Alex Haley;Haley, Alex ;5;11;;
Roots;Alex Haley;Haley, Alex ;5;11;;
Booker Washington;Jean Francois Cabrières;Cabrières, Jean Francois;5;11;;
Männer übers Meer verweht;Frederik Hetmann;Hetmann, Frederik ;5;17;;
Kleiner Weg;Arnulf Zitelmann;Zitelmann, Arnulf ;5;17;;
Vom Rentierjäger zum Raubritter;Tonny Vos - Dahmen von Buchholz;Buchholz, Dahmen von – Vos, Tonny ;5;17;;
Das Dorf am See;Josef Carl Grund;Grund, Josef Carl;5;17;;
Die Höhle über dem Fluss;Josef Carl Grund;Grund, Josef Carl;5;17;;
Die Stadt der Pferdegöttin;Josef Carl Grund;Grund, Josef Carl;5;17;;
Die Höhlenkinder - Im heimlichen Grund;A. Th. Sonnleitner;Sonnleitner, A. Th.;5;17;;
Die Höhle der weißen Wölfin;Gabriele Beyerlein;Beyerlein, Gabriele ;5;17;;
Die Kette der Dragomira;Gabriele Beyerlein;Beyerlein, Gabriele ;5;17;;
Das vertauschte Kind;Roesemary Sutcliff;Sutcliff, Roesemary ;5;17;;
Die eiserne Lerche;Michail Krausnick;Krausnick, Michail ;5;18;;
Hungerweg- Das Schicksal der Schwabenkinder;Othmar Franz Lang;Lang, Franz Othmar ;5;18;;
Beeren-Sommer;Inge Barth-Grözinger;Barth-Grözinger, Inge ;5;18;;
Berlin, Bülowstraße 80a;Gabriele Beyerlein;Beyerlein, Gabriele ;5;18;;
Die schwarzen Brüder;Lisa Tetzner;Tetzner, Lisa ;5;18;;
Donnergrollen;Mildred D. Taylor;Taylor, D. Mildred ;5;18;;
Wir Kuckuckskinder;Anatoli Pristawkin;Pristawkin, Anatoli ;5;18;;
Emmas Weg in die Freiheit;Thomas Jeier;Jeier, Thomas ;5;18;;
Zeit zu hassen, Zeit zu lieben;Willi Fährmann;Fährmann, Willi ;5;18;;
Der Mann im Feuer;Willi Fährmann;Fährmann, Willi ;5;18;;
Ich kann es nicht vergessen;Margaret I. Rostkowski;Rostkowski, Margaret I.;5;18;;
Tisha;Robert Specht;Specht, Robert ;5;18;;
Cuore;Edmondo De Amicis;Amicis, Edmondo De;5;18;;
Spuk in der Schule;Carol Drinkwater;Drinkwater, Carol ;5;18;;
Gläserne Bienen;Ernst Jünger;Jünger, Ernst ;5;18;;
Völkerschlachtsdenkmal;Erich Loest;Loest, Erich ;5;18;;
Die schwarze Muse;Dieter Hirschberg;Hirschberg, Dieter ;5;18;;
Station Victoria;Anne Cuneo;Cuneo, Anne ;5;18;;
Sturz der Titanen;Ken Follett;Follett, Ken ;5;18;;
Der Fluch von Troja;Bellinda;Bellinda, ;5;18;;
Merlin und Artus;Rosemary Sutcliff;Sutcliff, Rosemary ;9;12;;
Merlin und Artus;Rosemary Sutcliff;Sutcliff, Rosemary ;9;12;;
Lanzelot und Ginevra;Rosemary Sutcliff;Sutcliff, Rosemary ;9;12;;
Der Rebell und der Herzog;Hanns Maria Lux;Lux, Hanns Maria;5;19;;
das Abenteuerliche Leben des Doktor Faust;Felix Huby;Huby, Felix ;5;19;;
Wolfgang Amadé;Valerian Tornius;Tornius, Valerian ;5;19;;
Wolfsrudel;Floortje Zwigtmann;Zwigtmann, Floortje ;5;19;;
Totenbraut;Nina Blazon;Blazon, Nina ;5;19;;
das verschwundene Testament der Alice Shadwell;Rainer M. Schröder;Schröder, Rainer M.;5;19;;
Der abenteuerliche Simplicissimus;Hans Jakob Christoffel von Grimmelshausen;Grimmelshausen, Hans Jakob Christoffel von;5;19;;
Der abenteuerliche Simplicissimus;Hans Jakob Christoffel von Grimmelshausen;Grimmelshausen, Hans Jakob Christoffel von;5;19;;
Trenck;Bruno Frank;Frank, Bruno ;5;19;;
Verrat!;Inge Ott;Ott, Inge ;5;19;;
Die letzte Frist;Valentin Rasputin;Rasputin, Valentin ;5;19;;
Der junge Wiking;T.Vos-Dahmen von Buchholz;Buchholz, Dahmen von / Vos, T.;5;20;;
Reiter aus der Sonne;Josef Carl Grund;Grund, Josef Carl;5;20;;
Überfall der Wikinger;Leif Esper Andersen;Andersen, Leif Esper;5;20;;
Der goldene Kegel;Gabriele Beyerlein;Beyerlein, Gabriele ;5;20;;
Der eiserne Heinrich;Christa Ludwig;Ludwig, Christa ;5;20;;
Mordred, Sohn des Artus;Nancy Springer;Springer, Nancy ;5;20;;
Jenseits von Aran;Arnulf Zitelmann;Zitelmann, Arnulf ;5;20;;
Vom Skamander zum Löwentor;Heinrich Schliemann;Schliemann, Heinrich ;5;13;;
Leonidas und seine Dreihundert;Mary Renault;Renault, Mary ;5;13;;
Entscheidung bei Salamis;Wolfram zu Mondfeld;Mondfeld, Wolfram zu;5;13;;
Die Trojanerin;Katherine Allfrey;Allfrey, Katherine ;5;13;;
Die Nacht der Zugvögel;Eva Rechlin;Rechlin, Eva ;5;13;;
Der Komet von Samos;T. Vos-Dahmen von Buchholz;Buchholz, Dahmen von – Vos, Tonny ;5;13;;
Im Zeichen von Olympia;Margaret Hodges;Hodges, Margaret ;5;13;;
Letzter Kampf in Olympia;Dieter Müller;Müller, Dieter ;5;13;;
Gefahr für Olympia;Katherine Roberts;Roberts, Katherine ;5;13;;
Die Geschichten von Herodot;Heinrich Pleticha;Pleticha, Heinrich ;5;13;;
Sokrates vor Gericht;Mason;Mason, ;5;13;;
Der Fluch von Troja;Bellinda;Bellinda, ;5;13;;
Wettlauf in Olympia;Olaf Fritsche;Fritsche, Olaf ;5;13;;
Marco Polo- Abenteuer im Reich der Mitte;Milton Rugoff;Rugoff, Milton ;5;21;;
Edle Räuber, große Gauner;Ludwig Barring;Barring, Ludwig ;5;21;;
Robin Hood;Howard Pyle;Pyle, Howard ;5;21;;
Robin Hood;Howard Pyle;Pyle, Howard ;5;21;;
Klaus Störtebeker;Gustav Schalk;Schalk, Gustav ;5;21;;
Ben Mahkis oder Die Reise in das Abendland;Kurt Wasserfall;Wasserfall, Kurt ;5;21;;
Catherine - Lady wider Willen;Karen Cushman;Cushman, Karen ;5;21;;
Das Siegel;Wolfgang Hohlbein;Hohlbein, Wolfgang ;5;21;;
Der Name der Rose;Umberto Eco;Eco, Umberto ;5;21;;
Der Medicus;Noah Gordon;Gordon, Noah ;5;21;;
Marco Polo und die Söhne des Himmels;M.Z. Thomas;Thomas, M.Z. ;5;21;;
Die Blütezeit der Seeräuber in Nord- und Ostsee;Dieter Zimmerling;Zimmerling, Dieter ;5;21;;
Der Ritter;Max Kruse;Kruse, Max ;5;21;;
Unter Gauklern;Arnulf Zitelmann;Zitelmann, Arnulf ;5;21;;
Der Medicus;Noah Gordon;Gordon, Noah ;5;21;;
Das Nest der Zaunkönige;Gustav Freytag;Freytag, Gustav ;5;21;;
Bruder Staubfuß;Roesemary Sutcliff;Sutcliff, Roesemary ;5;21;;
Stich um Stich;Lars-Henrik Olsen;Olsen, Lars-Henrik ;5;21;;
Robin Hood;Hrsg. Gerstenberg;Gerstenberg, Hrsg. ;5;21;;
Die rote Zora und ihre Bande;Kurt Held;Held, Kurt ;4;25;;
Geboren 1999 - Eine Zukunfts Geschichte;Charlotte Kerner;Kerner, Charlotte ;4;25;;
schlafende Hunde;Sonya Hartnett;Hartnett, Sonya ;4;25;;
Die Reise ans Ende der Welt;Henning Mankell;Mankell, Henning ;4;25;;
Die Tote im Wald;Soniam Levitin;Levitin, Soniam ;4;25;;
Worüber keiner spricht;Allan Stratton;Stratton, Allan ;4;25;;
Chandas Krieg;Allan Stratton;Stratton, Allan ;4;25;;
Alles auf Anfang;Barbara Lehnerer;Lehnerer, Barbara ;4;25;;
Wildwassermädchen;James Pope;Pope, James ;4;25;;
Nenn mich einfach super!;Reinhold Ziegler;Ziegler, Reinhold ;4;25;;
Ein paar richtig schöne Tage;Mats Wahl;Wahl, Mats ;4;25;;
Ich hätte Nein sagen können;Annika Thor;Thor, Annika ;4;25;;
Der kleine Lord;Frances Burnett;Burnett, Frances ;4;25;;
Hilfe die Herdmanns kommen;Babara Robinson;Robinson, Babara ;4;25;;
Mein Urgroßvater und ich;James Krüss;Krüss, James ;4;25;;
Der Schreckliche Anfang;Lemony Snicket;Snicket, Lemony ;4;25;;
Die Rache des Marmorzüchters;Willy van Doorselaer;Doorselaer, van Willy ;4;25;;
Stellastraße;Elisabeth Honey;Honey, Elisabeth ;4;25;;
Erzähl mir von Oma;Guus Kuijer;Kuijer, Guus ;4;25;;
Bongo Bommel aus dem All;Elfie Donnelly;Donnelly, Elfie ;4;25;;
Die rote Zora;Kurt Held;Held, Kurt ;4;25;;
Lügenmaus und Bärenkönig;Otto Maier Hg.;Hg., Maier Otto ;4;25;;
Nennt mich nicht Ismael;Michael Gerard Bauer;Bauer, Michael Gerard ;4;25;;
Ismael und der auftritt der Seekühe;Michael Gerard Bauer;Bauer, Michael Gerard ;4;25;;
Wer spinnt denn da?;Iva Procházková;Procházková, Iva ;4;25;;
Der Sommer hat Eselsohren;Iva Procházková;Procházková, Iva ;4;25;;
Geh und spiel mit dem Riesen;Hans- Joachim Gelberg;Gelberg, Hans-Joachim ;4;25;;
Schlimmes Ende;Philip Ardagh;Ardagh, Philip ;4;25;;
Heidi 1;Johanna Spyri;Spyri, Johanna ;4;25;;
Heidi 2;Johanna Spyri;Spyri, Johanna ;4;25;;
Damals im Poggenwalde;Arno Surminski;Surminski, Arno ;4;25;;
Benni Sprachlos;Peter Steinbach;Steinbach, Peter ;4;25;;
Der Hund, der unterwegs zu einem Stern war;Henning Mankell;Mankell, Henning ;4;25;;
Pinocchio;Carlo Collodi;Collodi, Carlo ;4;25;;
Paul Vier und die Schröders;Andreas Steinhöfel;Steinhöfel, Andreas ;4;25;;
Gregs Tagebuch - Von Idioten umzingelt!;Jeff Kinney;Kinney, Jeff ;4;25;;
Warten auf Anya;Michael Morpurgo;Morpurgo, Michael ;4;25;;
DORK diaries;Rachel Renee Russell;Russell, Rachel Renee;4;25;;
Mit Jakob wurde alles anders;Kirsten Boie;Boie, Kirsten ;4;25;;
Der kleine Nick;Sempé Goscinny;Goscinny, Sempé ;4;25;;
Der kleine Nick - und die Ferien;Sempé Goscinny;Goscinny, Sempé ;4;25;;
Der kleine Nick - und seine Bande;Sempé Goscinny;Goscinny, Sempé ;4;25;;
Der kleine Nick - und die Schule;Sempé Goscinny;Goscinny, Sempé ;4;25;;
Der kleine Nick - und die Mädchen;Sempé Goscinny;Goscinny, Sempé ;4;25;;
Die Nachtvögel;Tormod Haugen;Haugen, Tormod ;4;25;;
Mein Bruder Jack;Joachim Hartenstein;Hartenstein, Joachim ;4;25;;
Betreten verboten;Uwe-Michael Gutzschahn;Gutzschahn, Uwe-Michael ;4;25;;
Der Weg durch die Wand;Almut Gernhardt;Gernhardt, Almut ;4;25;;
Die blauen und die grauen Tage;Monika Feth;Feth, Monika ;4;25;;
Servus Opa, sagte ich leise.;Elfie Donnelly;Donnelly, Elfie ;4;25;;
Die Zwölf vom Dachboden;Pauline Clarke;Clarke, Pauline ;4;25;;
Der kleine Lord;Frances Burnett;Burnett, Frances ;4;25;;
Nachmittags im fünften Stock;I.Jaques- Buddenböhmer;Buddenböhmer, I.Jaques- ;4;25;;
… und dann kam Joselle;Kevin Henkes;Henkes, Kevin ;4;25;;
Timm Thalers Puppen oder die Verkaufte Menschenliebe;James Krüss;Krüss, James ;4;25;;
Eine Art Familientreffen;Judith Kerr;Kerr, Judith ;4;25;;
Gespenster essen kein Sauerkraut;Gina Ruck-Pauquèt;Ruck-Pauquèt, Gina ;4;25;;
Ich war eine Ratte;Philip Pullman;Pullman, Philip ;4;25;;
Mut zur Tat;Ina Prowe & Carl Corner;Corner, Carl & Prowe, Ina ;4;25;;
Kratzer im Lack;Mirjam Pressler;Pressler, Mirjam ;4;25;;
Einer zuviel im Klassenbuch;Otti Pfeiffer;Pfeiffer, Otti ;4;25;;
Benvenuto heisst Willkommen;Hans Gerorg Noack;Noack, Hans Georg;4;25;;
Goliath von nebenan;An Rutgers;Rutgers, An ;4;25;;
Wenn einfach etwas geschieht;Anna-Greta Winberg;Winberg, Anna-Greta ;4;25;;
Erinnerung an David;Jean Ure;Ure, Jean ;4;25;;
Never Alone;Ute Wegmann;Wegmann, Ute ;4;26;;
Die Outsider;Susan E. Hinton;Hinton, Susan E.;4;26;;
Es gibt hier nur zwei Richtungen Mister;Reinhold Ziegler;Ziegler, Reinhold ;4;26;;
Ein Schatten wie ein Leopard;Myron Levoy;Levoy, Myron ;4;26;;
Kick it like Beckham;Narinder Dhami;Dhami, Narinder ;4;26;;
Vorstadtkrokodile;C. Bertelsmann;Bertelsmann, C. ;4;26;;
Crash - Das Leben ist Football;Jerry Spinnelli;Spinnelli, Jerry ;4;26;;
Billy Elliot;Melvin Burgess;Burgess, Melvin ;4;26;;
der große Bingobang;Peter Carey;Carey, Peter ;4;26;;
Nicht Chicago. nicht hier.;Kirsten Boie;Boie, Kirsten ;4;26;;
Elf Freunde müßt ihr sein;Sammy Drechsel;Drechsel, Sammy ;4;26;;
Dann nehmt doch mich;Volker W. Degener;Degener, W. Volker ;4;26;;
Manni der Libero;Peter Conradi;Conradi, Peter ;4;26;;
>>Halbzeit<< Fußballgeschichten;HRSG. James Riordan;Riordan, James HRSG. ;4;26;;
Freak;Rodman Philbrick;Philbrick, Rodman ;4;26;;
Heinrichs Geheimnis;Jo Pestum;Pestum, Jo ;4;26;;
Rolltreppe abwärts;Hans-Georg Noack;Noack, Hans-Georg ;4;26;;
Berts beste Katastrophen;S. Olsson, A. Jacobsson;Jacobsson, S. / Olsson, A. ;4;26;;
Der rote Nepomuk;Josef Holub;Holub, Josef ;4;26;;
Die Fünfzig vom Abendblatt;Alfred Weidenmann;Weidenmann, Alfred ;4;26;;
Samuel Tillerman, Der Läufer;Cynthia Voigt;Voigt, Cynthia ;4;26;;
Der Fluch des Käpt´n Korby;Dieter Schliwka;Schliwka, Dieter ;4;26;;
Wie Sand vor dem Wind;Kurt Lütgen;Lütgen, Kurt ;5;14;;
Rotes Kap der Abenteuer;Rainer M. Schröder;Schröder, Rainer M.;5;14;;
Land des Feuers, Land der Sehnsucht;Rainer M. Schröder;Schröder, Rainer M.;5;14;;
Jäger des weißen Goldes;Rainer M. Schröder;Schröder, Rainer M.;5;14;;
Auf dem Strom;Hermann Schulz;Schulz, Hermann ;5;14;;
Pepe Amado;Gudrun Pausewang;Pausewang, Gudrun ;5;14;;
Rote Sonne, schwarzes Land;Barbara Wood;Wood, Barbara ;5;14;;
Ein Schmetterling aus Surinam;Ingrid Möller;Möller, Ingrid ;4;27;;
Carolina;Iva Procházková;Procházková, Iva ;4;27;;
Ein krasser Sommer;Eva-Maria Schmid;Schmid, Eva-Maria ;4;27;;
Fragt mal Alice;Anonym;Anonym, ;4;27;;
Ich, die Andere;Jana Frey;Frey, Jana ;4;27;;
Klassenspiel;Celia Rees;Rees, Celia ;4;27;;
Essen? Nein, danke!;Stewart;Stewart, ;4;27;;
Hamide spielt Hamide;Annelies Schwarz;Schwarz, Annelies ;4;27;;
Novemberkatzen;Mirjam Pressler;Pressler, Mirjam ;4;27;;
Zoe schweigt;Martia De Sterck;Sterck, De Martia ;4;27;;
Die vier Freiheiten der Hanna B.;Ingeborg Bayer;Bayer, Ingeborg ;4;27;;
Der Gesang der Orcas;Antje Babendererde;Babendererde, Antje ;4;27;;
Taube unter Falken;Katherine Allfrey;Allfrey, Katherine ;4;27;;
Drachenflügel;Renate Welsh;Welsh, Renate ;4;27;;
Shabanu Tochter des Windes;Suzanne Fisher Staples;Fisher Staples, Suzanne ;4;27;;
Im Tunnel Sterne suchen;Jane Mitchell;Mitchell, Jane ;4;27;;
Zweimal Marie;Nina Petrick;Petrick, Nina ;4;27;;
Alles Liebe, Deine Anna;Jean Little;Little, Jean ;4;27;;
Der Schatten des Schmetterlings;Marjaleena Lembke;Lembke, Marjaleena ;4;27;;
Als ich noch Gretchen Asmussen hieß;Christina König;König, Christina ;4;27;;
Buon Giorno Germania;Enzo Demattè;Demattè, Enzo ;4;27;;
Fränze;Peter Härtling;Härtling, Peter ;4;27;;
50 Hertz gegen Stalin;Steffen Lüddemann;Lüddemann, Steffen ;5;15;;
Da soll der Mensch nicht scheiden;Herbert Plate;Plate, Herbert ;5;15;;
Giuseppe und Maria;Kurt Held;Held, Kurt ;5;15;;
Mauersegler;Waldtraut Lewin;Lewin, Waldtraut ;5;15;;
Zwischen uns die Mauer;Katja Hildebrand;Hildebrand, Katja ;5;15;;
Stern über der Mauer;H.-G. Noack;Noack, H.-G. ;5;15;;
Weggesperrt;Grit Poppe;Poppe, Grit ;5;15;;
Die Stunde der Lerche;Willi Fährmann;Fährmann, Willi ;5;15;;
Wintereis;Peter van Gestel;Gestel, van Peter ;5;15;;
Ein Kind im Krieg;Thierry Jonquet;Jonquet, Thierry ;5;15;;
Krücke;Peter Härtling;Härtling, Peter ;5;15;;
Das Schulschwein;Walter Püschel;Püschel, Walter ;5;15;;
5 Tage im Juni;Stefan Heym;Heym, Stefan ;5;15;;
Mutmaßungen über Jakob;Uwe Johnson;Johnson, Uwe ;5;15;;
Nikolaikirche;Erich Loest;Loest, Erich ;5;15;;
Gratwanderung;Jewgenia Ginsburg;Ginsburg, Jewgenia ;5;15;;
Im Sperrkreis;Felix Hartlaub;Hartlaub, Felix ;5;15;;
The Russia House;John le Carré;Carré, John le ;5;15;;Englisch
Paule Pizolka;Arnulf Zitelmann;Zitelmann, Arnulf ;5;22;;
Stern ohne Himmel;Leonie Ossowski;Ossowski, Leonie ;5;22;;
Die lange Reise des Jakob Stern;Rainer M. Schröder;Schröder, M. Rainer ;5;22;;
Mojsche und Rejsele;Karlijn Stoffels;Stoffels, Karlijn ;5;22;;
Als Hitler das rosa Kaninchen stahl;Judith Kerr;Kerr, Judith ;5;22;;
Warten bis der Frieden kommt;Judith Kerr;Kerr, Judith ;5;22;;
Er hieß Jan;Irina Korschunow;Korschunow, Irina ;5;22;;
... und dann musste ich gehen;Charles Hannam;Hannam, Charles ;5;22;;
Das Scheusal;Alice Herdan-Zuckmayer;Herdan-Zuckmayer, Alice ;5;22;;
du darfst nicht schreien;Gudrun Pausewang;Pausewang, Gudrun ;5;22;;
Die Welle;Morton Rhue;Rhue, Morton ;5;22;;
Liverpool Street;Anne C. Voorhoeve;Voorhoeve, C. Anne ;5;22;;
Ein Stück Himmel;Janina David;David, Janina ;5;22;;
Ein Stück Erde;Janina David;David, Janina ;5;22;;
Ein Stück Fremde;Janina David;David, Janina ;5;22;;
Alles ist erleuchtet;Jonathan Safran Foer;Foer, Jonathan Safran  ;5;22;;
Extrem laut und unglaublich nah;Jonathan Safran Foer;Foer, Jonathan Safran  ;5;22;;
Ein Haus für alle;Urusla Wölfel;Wölfel, Urusla ;5;22;;
Im Vorhof der Hölle;Carlo Ross;Ross, Carlo ;5;22;;
Das Jahr der Wölfe;Willi Fährmann;Fährmann, Willi ;5;22;;
Emma oder die unruhige Zeit;Ursula Fuchs;Fuchs, Ursula ;5;22;;
Emma oder die unruhige Zeit;Ursula Fuchs;Fuchs, Ursula ;5;22;;
Lena - Unser Dorf und der Krieg;Käthe Recheis;Recheis, Käthe ;5;22;;
Bis zur letzten Stunde;Traudel Junge;Junge, Traudel ;5;22;;
Er hieß Jan;Irina Korschunow;Korschunow, Irina ;5;22;;
Die Kinder aus Nr. 67;Lisa Tetzner;Tetzner, Lisa ;5;22;;
Das Haus in den Bäumen;Renate Welsh;Welsh, Renate ;5;22;;
Jugend ohne Gott;Ödön von Horvath;Horvath, Ödön von ;5;22;;
Uns geht’s ja noch gold;Walter Kempowski;Kempowski, Walter ;5;22;;
Die Welle;Morton Rhue;Rhue, Morton ;5;22;;
Atemschaukel;Herta Müller;Müller, Herta ;5;22;;
Die erste Polka;Horst Bienek;Bienek, Horst ;5;22;;
Die letzten Tage von Pompeji;Edward Bulwer-Lytton;Bulwer-Lytton, Edward ;5;16;;
Viel Spaß mit den Römern!;Freya Stephan-Kühn;Stephan-Kühn, Freya ;5;16;;
Der silberne Zweig;Rosemary Sutcliff;Sutcliff, Rosemary ;5;16;;
Der Adler der neunten Legion;Rosemary Sutcliff;Sutcliff, Rosemary ;5;16;;
Die Fackel Träger;Rosemary Sutcliff;Sutcliff, Rosemary ;5;16;;
Caius 1;Henry Winterfeld;Winterfeld, Henry ;5;16;;
Caius geht ein Licht auf;Henry Winterfeld;Winterfeld, Henry ;5;16;;
Caius 3;Henry Winterfeld;Winterfeld, Henry ;5;16;;
Caius, der Lausbub aus dem alten Rom;Henry Winterfeld;Winterfeld, Henry ;5;16;;
Caius, der Lausbub aus dem alten Rom;Henry Winterfeld;Winterfeld, Henry ;5;16;;
Mit Hannibal über die Alpen;Tilman Röhrig;Röhrig, Tilman ;5;16;;
Spartacus - Sklave und Rebell;Hans Dieter Stöver;Stöver, Hans Dieter;5;16;;
Quintus geht nach Rom;Hans Dieter Stöver;Stöver, Hans Dieter;5;16;;
Drei Tage in Rom;Hans Dieter Stöver;Stöver, Hans Dieter;5;16;;
Große Gegner Roms;Hans Dieter Stöver;Stöver, Hans Dieter;5;16;;
Quintus in Gefahr;Hans Dieter Stöver;Stöver, Hans Dieter;5;16;;
Quintus in Gefahr;Hans Dieter Stöver;Stöver, Hans Dieter;5;16;;
Quintus setzt sich durch;Hans Dieter Stöver;Stöver, Hans Dieter;5;16;;
Quintus geht nach Rom;Hans Dieter Stöver;Stöver, Hans Dieter;5;16;;
Das römische Weltwunder;Hans Dieter Stöver;Stöver, Hans Dieter;5;16;;
Abram und Sarai;Arnulf Zitelmann;Zitelmann, Arnulf ;5;16;;
Ein gewisser Arminius;Werner Völker;Völker, Werner ;5;16;;
Ein junger Römer namens Lukios;Maria Regina Kaiser;Kaiser, Maria Regina ;5;16;;
Das Erbe des Grauen Wolfes;Julian Atterton;Atterton, Julian ;5;16;;
4 für Rom - Die Piraten von Pompeji;Caroline Lawrence;Lawrence, Caroline ;5;16;;
Die Diebe von Ostia;Caroline Lawrenge;Lawrenge, Caroline ;5;16;;
Gib mir meine Legionen wieder;Josef Carl Grund;Grund, Josef Carl;5;16;;
TITUS kommt nicht alle Tage;Irene Ruttmann;Ruttmann, Irene ;5;16;;
Feuer am Limes;Josef Carl Grund;Grund, Josef Carl;5;16;;
Geiseln für Cäsar;Josef Carl Grund;Grund, Josef Carl;5;16;;
Zwei Leben für Hannibal;Josef Carl Grund;Grund, Josef Carl;5;16;;
Asche auf Pompeji;Josef Carl Grund;Grund, Josef Carl;5;16;;
Hannibal;Gisbert Haefs;Haefs, Gisbert ;5;16;;
Quo Vadis?;Henryk Sienkiewicz;Sienkiewicz, Henryk ;5;16;;
Caesar und die Fäden der Macht;Harald Parigger;Parigger, Harald ;5;16;;
Hüte dich vor Caesars Rache;Lola Gándara;Gándara, Lola ;5;16;;
Die schwarze Schatulle;Batya Gur;Gur, Batya ;5;16;;
Falsches Spiel in der Arena;Fabian Lenk;Lenk, Fabian ;5;16;;
Anschlag auf Pompeji;Fabian Lenk;Lenk, Fabian ;5;16;;
Galahad;Rosemary Sutcliff;Sutcliff, Rosemary ;5;16;;
Dürfen Sklaven sich Verlieben?;Sylke Tempel;Tempel, Sylke ;5;16;;
Die Festung im Fels;Galila Ron-Feder;Ron-Feder, Galila ;5;16;;
Lukios;Maria Regina Kaiser;Kaiser, Maria Regina ;5;16;;
Zwölf Steine für Judäa;Arnulf Zitelmann;Zitelmann, Arnulf ;5;16;;
Die wahrhaftigen Abenteuer des Felix Faber;Reiner M. Schröder;Schröder, Rainer M.  ;5;28;;
Marijn bei den Freibeutern;Miep Diekmann;Diekmann, Miep ;5;28;;
Jenseits des großen Meeres - Die Flucht;Avi;Avi, ;5;28;;
Jenseits des großen Meeres - Der blinde Passagier;Avi;Avi, ;5;28;;
Piraten!;Celia Rees;Rees, Celia ;5;28;;
Da liegt Gold, Tim!;Hans Brunner;Brunner, Hans ;5;28;;
Wrack unter Wasser;An Rutgers;Rutgers, An ;5;28;;
Der junge Seewolf;Frank Adam;Adam, Frank ;5;28;;
Hexenfeuer;Isolde Heyne;Heyne, Isolde ;5;23;;
Magellan;Kurt Honolka;Honolka, Kurt ;5;23;;
Alyce und keine andere;Karen Cushman;Cushman, Karen ;5;23;;
Das Kloster der Ketzer;Rainer M. Schröder;Schröder, Rainer M.;5;23;;
Die Lagune der Galeeren;Rainer M. Schröder;Schröder, Rainer M.;5;23;;
Das Geheimnis um die Seelenpest;Jürgen Seidel;Seidel, Jürgen ;5;23;;
Hexenfeuer;Isolde Heyne;Heyne, Isolde ;5;23;;
Don Quichotte;Erich Kästner;Kästner, Erich ;5;23;;
Junipers Hexenkind;Monica Furlong;Furlong, Monica ;5;23;;
Matilda Bone;Karen Cushman;Cushman, Karen ;5;23;;
Don Quijote;Miguel de Cervantes Saavedra;Cervantes Saavedra, Miguel de;5;23;;
Don Quijote;Miguel De Cervantes Saavedra;Cervantes Saavedra, Miguel de;5;23;;
Das Friedenskind;Ann Phillips;Phillips, Ann ;5;23;;
Die Brüder des Wolfes;Wolf-Dieter v. Tippelskirch;Tippelskirch, Wolf-Dieter v.;5;23;;
Das Zeichen im Feuer;Cynthia Harnett;Harnett, Cynthia ;5;23;;
Die Brüder des Wolfes;Wolf-Dieter v. Tippelskirch;Tippelskirch, Wolf-Dieter v.;5;23;;
Der Ritter von der Drachenburg;Claudia Brinker;Brinker, Claudia ;5;23;;
Samurai;Chris Bradford;Bradford, Chris ;5;23;;
Entdecker, Forscher, Abenteurer;Rainer M. Schröder;Schröder, M. Rainer ;1;;;
Ich-Gracey O´Malley;Franjo Terhart;Terhart, Franjo ;1;;;Die abenteuerliche Geschichte einer irischen Piratin
Heul doch den Mond an und Der Schatz der Apachen;Werner J. Egli;Egli, Werner J. ;1;;;
Der Ruf der Wildnis;Jack London;London, Jack ;1;;;
In der Brandung und andere Geschichten;Jack London;London, Jack ;1;;;
Wolfsblut;Jack London;London, Jack ;1;;;
Lockruf des Goldes;Jack London;London, Jack ;1;;;
Das Mondtal;Jack London;London, Jack ;1;;;
Der Seewolf;Jack London;London, Jack ;1;;;
Alaska - Kid;Jack London;London, Jack ;1;;;
Winnetou 1;Karl May;May, Karl ;1;;;
Am stillen Ozean;Karl May;May, Karl ;1;;;
Am rio de la Plata;Karl May;May, Karl ;1;;;
In den Kordilleren;Karl May;May, Karl ;1;;;
In den Kordilleren;Karl May;May, Karl ;1;;;
Menschenjäger;Karl May;May, Karl ;1;;;
Der Mahdi;Karl May;May, Karl ;1;;;
Im Sudan;Karl May;May, Karl ;1;;;
Winnetou 2;Karl May;May, Karl ;1;;;
Bei den Trümmern von Babylon;Karl May;May, Karl ;1;;;
Winnetou 2;Karl May;May, Karl ;1;;;
Winnetou 3;Karl May;May, Karl ;1;;;
Unter Geiern;Karl May;May, Karl ;1;;;
Der Ölprinz;Karl May;May, Karl ;1;;;
Old Surehand 2;Karl May;May, Karl ;1;;;
Durch die Wüste;Karl May;May, Karl ;1;;;
Durchs wilde Kurdistan;Karl May;May, Karl ;1;;;
Benito Juarez;Karl May;May, Karl ;1;;;
Von Bagdad nach Stambul;Karl May;May, Karl ;1;;;
Der Derwisch;Karl May;May, Karl ;1;;;
Im Tal des Todes;Karl May;May, Karl ;1;;;
In den Schluchten des Balken;Karl May;May, Karl ;1;;;
Durch das Land der Skipetaren;Karl May;May, Karl ;1;;;
Der Schut;Karl May;May, Karl ;1;;;
Der Schut;Karl May;May, Karl ;1;;;
Zwei Jahre Ferien;Jules Vernes;Vernes, Jules ;1;;;
Die Eissphinx;Jules Vernes;Vernes, Jules ;1;;;
Keraban, der Starrkopf;Jules Vernes;Vernes, Jules ;1;;;
Hektor Servadacs Weltraumreise;Jules Vernes;Vernes, Jules ;1;;;
Die Abenteuer des Käpitäns Hatteras;Jules Vernes;Vernes, Jules ;1;;;
Fünf Wochen im Ballon;Jules Vernes;Vernes, Jules ;1;;;
Mathias Sandorf;Jules Vernes;Vernes, Jules ;1;;;
20 000 Meilen unter dem Meer;Jules Vernes;Vernes, Jules ;1;;;
Das Abenteuer des Kapitän Hatteras;Jules Vernes;Vernes, Jules ;1;;;
Das Mondabenteuer;Jules Vernes;Vernes, Jules ;1;;;
Ein Kapitän von 15 Jahren;Jules Vernes;Vernes, Jules ;1;;;
Die Reise um die Erde in 80 Tagen- Reise zum Mittelpunkt der Erde;Jules Vernes;Vernes, Jules ;1;;;
Geh, zügle den Sturm;Joan Aiken;Aiken, Joan ;1;;;
Der flüsternde Berg;Joan Aiken;Aiken, Joan ;1;;;
Ein Hauch von Frost;Joan Aiken;Aiken, Joan ;1;;;
Anschlag auf Nantucket;Joan Aiken;Aiken, Joan ;1;;;
Geh, sattle das Meer;Joan Aiken;Aiken, Joan ;1;;;
Ein Kichern in der Luft;Joan Aiken;Aiken, Joan ;1;;;
Geh, zähme den Berg;Joan Aiken;Aiken, Joan ;1;;;
Die Borger in den Feldern;Mary Norton;Norton, Mary ;1;;;
Die Stadt der wilden Götter;Isabel Allende;Allende, Isabel ;1;;;
Im Reich des goldenen Drachen;Isabel Allende;Allende, Isabel ;1;;;
Im Bann der Masken;Isabel Allende;Allende, Isabel ;1;;;
Löcher Die Geheimnisse von Green Lake;Louis Sachar;Sachar, Louis ;1;;;
Ayla und der Clan des Bären;Jean M. Auel;Auel, M. Jean ;1;;;
Reise um die Erde in achtzig Tagen;Jules Vernes;Vernes, Jules ;1;;;
Der schwarze Steuermann;Joseph Conrad;Conrad, Joseph ;1;;;
Das Geheimnis des siebten Weges;Tonke Dragt;Dragt, Tonke ;1;;;
Die Türme des Februar;Tonke Dragt;Dragt, Tonke ;1;;;
Weiße Finsternis;Geraldine McCauhrean;McCauhrean, Geraldine ;1;;;
Sie nannten ihn Lederstrumpf;Walter Hansen;Hansen, Walter ;1;;;
Großer Tiger und Christian;Fritz Mühlenweg;Mühlenweg, Fritz ;1;;;
Grischka;René Guillot;Guillot, René ;1;;;
Die Dschungelbücher;Kipling;Kipling, ;1;;;
Ein Kapitän von 15 Jahren;Jules Vernes;Vernes, Jules ;1;;;
Gullivers Reisen;Jonathan Swift;Swift, Jonathan ;1;;;
Die geheime Benedict-Gesellschaft;Trenton Lee Stewart;Stewart, Trenton Lee ;1;;;
Die geheime Benedict-Gesellschaft 2;Trenton Lee Stewart;Stewart, Trenton Lee ;1;;;
Auf der Suche nach Padjelanta;Anton Quintana;Quintana, Anton ;1;;;
Insel der blauen Delfine;Scott O'Dell;O'Dell, Scott ;1;;;
Das verlassene Boot am Strand;Scott O'Dell;O'Dell, Scott ;1;;;
Insel der blauen Delfine;Scott O'Dell;O'Dell, Scott ;1;;;
Insel der blauen Delfine;Scott O'Dell;O'Dell, Scott ;1;;;
Grischkas großes Abenteuer;Rene Guillot;Guillot, Rene ;1;;;
Die Piratenamsel;Uwe Timm;Timm, Uwe ;1;;;
Der Schatz auf Pagensand;Uwe Timm;Timm, Uwe ;1;;;
Julie von den Wölfen;Jean Craighead George;George, Jean Craighead  ;1;;;
Wölfe ums Schloss;Joan Aiken;Aiken, Joan ;1;;;
Isa und die Schmugglerbande;Joan Aiken;Aiken, Joan ;1;;;
Die Kinder von Holderness;Joan Aiken;Aiken, Joan ;1;;;
Rico, Oskar und die Tieferschatten;Andreas Steinhöfel;Steinhöfel, Andreas ;1;;;
Die Welt am Ende der Welt;Mona und Erik Ziemen;Ziemen, Mona und Erik;1;;;
In den Wäldern am kalten Fluss;William Judson;Judson, William ;1;;;
Geheimmission Mond;P. B. Kerr;Kerr, B. P. ;1;;;
Drei Jungen vor dem Mast;Jaques Christophe;Christophe, Jaques ;1;;;
Großer Tiger und Christian;Fritz Mühlenweg;Mühlenweg, Fritz ;1;;;
Der Spaziergang von Rostock nach Syrakus;Friedrich Christan Delius;Delius, Friedrich Christan  ;1;;;
Lord Jim;Joseph Conrad;Conrad, Joseph ;1;;;
Dschungelkind;Sabine Kuegler;Kuegler, Sabine ;1;;;
Call of the Wild;Jack London;London, Jack ;1;;;Englisch
Call of the wild;Jack London;London, Jack ;1;;;
Die geheime Welt von Polly Flint;Helen Cresswell;Cresswell, Helen ;1;;;
Die Spür führt nach Stockholm;Federica De Cesco;Cesco, Federica De ;1;;;
Frei wie die Sonne;Federica De Cesco;Cesco, Federica De ;1;;;
Frei wie die Sonne;Federica De Cesco;Cesco, Federica De ;1;;;
Das Gold der Azteken;Federica De Cesco;Cesco, Federica De ;1;;;
Was wißt ihr von uns?;Federica De Cesco;Cesco, Federica De ;1;;;
Der Türkisvogel;Federica De Cesco;Cesco, Federica De ;1;;;
Zwei Sonnen am Himmel;Federica De Cesco;Cesco, Federica De ;1;;;
Der Prinz von Mexiko;Federica De Cesco;Cesco, Federica De ;1;;;
Wüstenmond;Federica De Cesco;Cesco, Federica De ;1;;;
Samira Erbin der Ihaggaren;Federica De Cesco;Cesco, Federica De ;1;;;
Aischa oder die Sonne des Lebens;Federica De Cesco;Cesco, Federica De ;1;;;
Im Wind Der Camargue;Federica De Cesco;Cesco, Federica De ;1;;;
Das Geheimnis der Krötenechse;Werner J. Egli;Egli, Werner J. ;1;;;
Sanfte Landung mit Knall;Wolfgang Ecke;Ecke, Wolfgang ;1;;;
Seehunde SOS;Eilis Dillon;Dillon, Eilis ;1;;;
Unter dem Äquator;Friedich Gerstäcker;Gerstäcker, Friedich ;1;;;
Die Flußpiraten des Mississippi;Friedich Gerstäcker;Gerstäcker, Friedich ;1;;;
Die Regulatoren in Aransas;Friedich Gerstäcker;Gerstäcker, Friedich ;1;;;
Tahiti;Friedich Gerstäcker;Gerstäcker, Friedich ;1;;;
Gold;Friedich Gerstäcker;Gerstäcker, Friedich ;1;;;
Riffe in der Torresstraße;Friedich Gerstäcker;Gerstäcker, Friedich ;1;;;
Die Reise nach Tandilan;Sigrid Heuck;Heuck, Sigrid ;1;;;
Die Tintenfische aus dem zweiten Stock;Ota Hofman;Hofman, Ota ;1;;;
Flußläufer;James Houston;Houston, James ;1;;;
Jäger in der Nacht;Monica Hughes;Hughes, Monica ;1;;;
Kishons beste Geschichten;Herbig;Herbig, ;1;;;
Die Spur des Bären;R. A. Montgomery;Montgomery, R. A. ;1;;;
Am Berg des Roten Fuchses;Allan Campbell McLean;McLean, Allan Campbell ;1;;;
Ein Indianer namens Heinrich;Jo Pestum;Pestum, Jo ;1;;;
Jonny Brooks unter falschen Flagge;Frederik Naval;Naval, Frederik ;1;;;
Das verzauberte Schloss;Edith Nesbit;Nesbit, Edith ;1;;;
Die Kinder von Arden;Edith Nesbit;Nesbit, Edith ;1;;;
Großer-Tiger und Christian;Fritz Mühlenweg;Mühlenweg, Fritz ;1;;;
Rico, Oskar und das Herzgebreche;Andreas Steinhöfel;Steinhöfel, Andreas ;1;;;
Die Nacht, als keiner Schlief;Steinar Sörlle;Sörlle, Steinar ;1;;;
Ein Elefant für Muthu;Carolyn Sloan;Sloan, Carolyn ;1;;;
Die Reise in den Norden;Karla Schneider;Schneider, Karla ;1;;;
Vorsicht: Paradies;Dagmar Scherf;Scherf, Dagmar ;1;;;
Auf der Suche nach Padjelanta;Anton Quintana;Quintana, Anton ;1;;;
Die Abenteuer des Kapitäns Hatteras;Jules Verne;Verne, Jules ;1;;;
Der blinde Passagier;Alfred Weidenmann;Weidenmann, Alfred ;1;;;
Der doppelte Schlüssel;Alfred Weidenmann;Weidenmann, Alfred ;1;;;
Die Glorreichen 7 und der Junge aus dem Meer;Alfred Weidenmann;Weidenmann, Alfred ;1;;;
Die Glorreichen Sieben;Alfred Weidenmann;Weidenmann, Alfred ;1;;;
BoyBoy und die Kanukinder;Wolfgang Wegner & Evamaria Steinke;Steinke, Evamaria & Wegner, Wolfgang ;1;;;
Abenteuerliche Reise des kleinen Schmiedledick mit den Zigeunern;Elisabeth Walter;Walter, Elisabeth ;1;;;
Kleiner-Weg;Arnulf Zitelmann;Zitelmann, Arnulf ;1;;;
Die Höhlen in den schwarzen Bergen;Liselotte Welskopf-Heinrich;Welskopf-Heinrich, Liselotte ;1;;;
Johannes Gutenberg;Friedrich Feld;Feld, Friedrich ;2;;;
Im Bann der Dämonen;William Sleator;Sleator, William ;2;;;
Super gute Tage oder die sonderbare Welt des Christopher Boone;Mark Haddon;Haddon, Mark ;2;;;
Abgezockt;Andreas Schlüter;Schlüter, Andreas ;2;;;
Black Shark;Werner J. Egli;Egli, J. Werner ;2;;;
Operation Red Jericho;Joshua Mowll;Mowll, Joshua ;2;;;
Operation Taifun;Joshua Mowll;Mowll, Joshua ;2;;;
Das geheimnisvolle Haus-Der Safe mit dem Rätselschloß-Die Abenteuerin;Edgar Wallace;Wallace, Edgar ;2;;;
Meisterdetektiv Agaton Sax;Nils-Olof Franzén;Franzén, Nils-Olof ;2;;;
Die drei ??? kids Fauler Zauber;Alfred Hitchcock;Hitchcock, Alfred ;2;;;
Die drei ??? und die flüsternde Mumie;Alfred Hitchcock;Hitchcock, Alfred ;2;;;
Die drei ??? Geisterbucht 1;Alfred Hitchcock;Hitchcock, Alfred ;2;;;
Die drei ??? Geisterbucht 2;Alfred Hitchcock;Hitchcock, Alfred ;2;;;
Die Drei ???-Der brennende Kristall;Alfred Hitchcock;Hitchcock, Alfred ;2;;;
Die drei ??? Insektenstachel;Alfred Hitchcock;Hitchcock, Alfred ;2;;;
Die drei ??? Insektenstachel;Alfred Hitchcock;Hitchcock, Alfred ;2;;;
Die drei ??? Insektenstachel;Alfred Hitchcock;Hitchcock, Alfred ;2;;;
Die drei ??? und das Narbengesicht;Alfred Hitchcock;Hitchcock, Alfred ;2;;;
Die drei ??? und die falmmende Spur;Alfred Hitchcock;Hitchcock, Alfred ;2;;;
Die drei ??? und der verschwundene Schatz;Alfred Hitchcock;Hitchcock, Alfred ;2;;;
Echo des Bösen;Alfred Hitchcock;Hitchcock, Alfred ;2;;;
Die drei ??? und der Teufelsberg;Alfred Hitchcock;Hitchcock, Alfred ;2;;;
Die drei ??? und der Höhlenmensch;Alfred Hitchcock;Hitchcock, Alfred ;2;;;
Die drei ??? und das Narbengesicht;Alfred Hitchcock;Hitchcock, Alfred ;2;;;
Das Netz der Schattenspiele;Ralf Isau;Isau, Ralf ;2;;;
Paul Pepper und die sechs Dunkelmänner;Felix Huby;Huby, Felix ;2;;;
Der flüsternde Berg;Joan Aiken;Aiken, Joan ;2;;;
Die heiße Spur;Hans Jürgen Press;Press, Hans Jürgen  ;2;;;
Gruselkabinett -  Der alte Trödlerladen;Alfred Hitchcock;Hitchcock, Alfred ;2;;;
Die drei ??? und der Super-Papagei;Alfred Hitchcock;Hitchcock, Alfred ;2;;;
Achtung Klappe;Wolfgang Ecke;Ecke, Wolfgang ;2;;;
Der silberne Buddha;Wolfgang Ecke;Ecke, Wolfgang ;2;;;
Der Herr in der grauen Beinkleidern;Wolfgang Ecke;Ecke, Wolfgang ;2;;;
Das unheimliche Haus von Hackston;Wolfgang Ecke;Ecke, Wolfgang ;2;;;
Die Dame mit dem schwarzen Dackel;Wolfgang Ecke;Ecke, Wolfgang ;2;;;
Das Geheimnis der weißen Raben;Wolfgang Ecke;Ecke, Wolfgang ;2;;;
Das Geheimnis der weißen Raben;Wolfgang Ecke;Ecke, Wolfgang ;2;;;
Die Insel der blauen Kapuzen;Wolfgang Ecke;Ecke, Wolfgang ;2;;;
Privatdetektiv Perry Clifton;Wolfgang Ecke;Ecke, Wolfgang ;2;;;
Spuk um Mitternacht;Wolfgang Ecke;Ecke, Wolfgang ;2;;;
Der Schrecken aller Geister;Wolfgang Ecke;Ecke, Wolfgang ;2;;;
Glatze mit Sommersprossen;Wolfgang Ecke;Ecke, Wolfgang ;2;;;
Ein Fall für Perry Clifton;Wolfgang Ecke;Ecke, Wolfgang ;2;;;
Chip jagd P. Peroni;Brian Doyle;Doyle, Brian ;2;;;
Edgar Wallace und der Fall - Themsedock;Christopher Knock;Knock, Christopher ;2;;;
Edgar Wallace und der Fall Morehead;Christopher Knock;Knock, Christopher ;2;;;
Edgar Wallace und der Fall - Nightelmoore;Christopher Knock;Knock, Christopher ;2;;;
Edgar Wallace und der Fall - Queen's Dance;Chistopher Knock;Knock, Chistopher ;2;;;
Edgar Wallace und der Fall - Beverley Green;Christopher Knock;Knock, Christopher ;2;;;
Die drei ??? und das Bergmonster;Alfred Hitchcock;Hitchcock, Alfred ;2;;;
Die drei ??? im Bann der Phantome;Alfred Hitchcock;Hitchcock, Alfred ;2;;;
Die drei ??? und der rasende Löwe;Alfred Hitchcock;Hitchcock, Alfred ;2;;;
Die drei ??? und das Gespensterschloss;Alfred Hitchcock;Hitchcock, Alfred ;2;;;
Die drei ??? Das leere Grab;Alfred Hitchcock;Hitchcock, Alfred ;2;;;
Die drei ??? - Pistenteufel;Alfred Hitchcock;Hitchcock, Alfred ;2;;;
Die drei ??? Stimmen aus dem Nichts;Alfred Hitchcock;Hitchcock, Alfred ;2;;;
Die drei ??? und der Schatz der Mönche;Alfred Hitchcock;Hitchcock, Alfred ;2;;;
Die drei ??? Meuterei auf hoher See - Nacht in Angst;Alfred Hitchcock;Hitchcock, Alfred ;2;;;
Gruselkabinett - Hexengebräu;Alfred Hitchcock;Hitchcock, Alfred ;2;;;
Gruselkabinett - De Insel der Stimmen;Alfred Hitchcock;Hitchcock, Alfred ;2;;;
Level 4- Die Stadt der Kinder;Andreas Schlüter;Schlüter, Andreas ;2;;;
Ein Teufelsbraten;Andreas Schlüter;Schlüter, Andreas ;2;;;
Der Ring der Gedanken;Andreas Schlüter;Schlüter, Andreas ;2;;;
Jagd im Internet;Andreas Schlüter;Schlüter, Andreas ;2;;;
Geisterhand;Andreas Schlüter;Schlüter, Andreas ;2;;;
Crash;Andreas Schlüter;Schlüter, Andreas ;2;;;
Geisterspinne;Andreas Schlüter;Schlüter, Andreas ;2;;;
Lösegeld!;Andreas Schlüter;Schlüter, Andreas ;2;;;
e;Andreas Schlüter;Schlüter, Andreas ;2;;;
Sherlock Holmes- Sein erster Fall;Sir Arthur Conan Doyle;Doyle, Sir Arthur Conan;2;;;
Sherlock Holmes- Der Hund von Baskerville;Sir Arthur Conan Doyle;Doyle, Sir Arthur Conan;2;;;
Sherlock Holmes- Die neue Katakombe;Sir Arthur Conan Doyle;Doyle, Sir Arthur Conan;2;;;
Sherlock Holmes- Nacht der Vergelltung;Gerald Frow;Frow, Gerald ;2;;;
Sherlock Holmes;Sir Arthur Conan Doyle;Doyle, Sir Arthur Conan;2;;;
Beschützer der Diebe;Andreas Steinhöfel;Steinhöfel, Andreas ;2;;;
Bea Luchs - und das falsche Alibi;Christine Egger;Egger, Christine ;2;;;
Der Detektiv bist du!;Jim Sukach;Sukach, Jim ;2;;;
Das Geheimnis von Port West;Anthony Horowitz;Horowitz, Anthony ;2;;;
Mörderisches Spiel;Anthony Horowitz;Horowitz, Anthony ;2;;;
Stormbreaker;Anthony Horowitz;Horowitz, Anthony ;2;;;
Skeleton Key;Anthony Horowitz;Horowitz, Anthony ;2;;;
Gemini-Project;Anthony Horowitz;Horowitz, Anthony ;2;;;
Operation Mikado;Bjarne Reuter;Reuter, Bjarne ;2;;;
Das Camp der Vergessenen;Mike Stuart;Stuart, Mike ;2;;;
Was geschah in Echo Falls?;Peter Abrahams;Abrahams, Peter ;2;;;
Meisterfälscher;Elise Broach;Broach, Elise ;2;;;
Panther;Carl Hiaasen;Hiaasen, Carl ;2;;;
The Hound of the Baskervilles;Sir Arthur Conan Doyle;Doyle, Sir Arthur Conan;2;;;Englisch, Sherlock Holmes
The Hound of the Baskervilles;Sir Arthur Conan Doyle;Doyle, Sir Arthur Conan;2;;;Englisch, Sherlock Holmes
The Hound of the Baskervilles;Sir Arthur Conan Doyle;Doyle, Sir Arthur Conan;2;;;Englisch, Sherlock Holmes
The Red Circle;Sir Arthur Conan Doyle;Doyle, Sir Arthur Conan;2;;;Englisch, Sherlock Holmes
The Red Circle;Sir Arthur Conan Doyle;Doyle, Sir Arthur Conan;2;;;Englisch, Sherlock Holmes
The Red Circle;Sir Arthur Conan Doyle;Doyle, Sir Arthur Conan;2;;;Englisch, Sherlock Holmes
The Red Circle;Sir Arthur Conan Doyle;Doyle, Sir Arthur Conan;2;;;Englisch, Sherlock Holmes
The Red Circle;Sir Arthur Conan Doyle;Doyle, Sir Arthur Conan;2;;;Englisch, Sherlock Holmes
The Speckled Band;Sir Arthur Conan Doyle;Doyle, Sir Arthur Conan;2;;;Englisch, Sherlock Holmes
The Speckled Band;Sir Arthur Conan Doyle;Doyle, Sir Arthur Conan;2;;;Englisch, Sherlock Holmes
Kevin & Schröder - Die Diskette;Bernt Danielsson;Danielsson, Bernt ;2;;;
Lionboy - Die Entführung;Zizou Corder;Corder, Zizou ;2;;;
Zimmer 777;Maria Axt;Axt, Maria ;2;;;
Schatten am Fenster;Maria Axt;Axt, Maria ;2;;;
Fletcher Moon - Privatdetektiv;Eoin Colfer;Colfer, Eoin ;2;;;
Young Sherlock Holmes - Der Tod liegt in der Luft;Andrew Lane;Lane, Andrew ;2;;;
Täter gesucht;Hrsg. René Oth;Oth, René Hrsg. ;2;;;
Bloße Hände;Bart Moeyaert;Moeyaert, Bart ;2;;;
Das Rote U;Wilhelm Matthießen;Matthießen, Wilhelm ;2;;;
Alle Detektive heissen Flanagan;Andreu Martín, Jaume Ribera;Ribera, Jaume / Martín, Andreu ;2;;;
Hinter der blauen Tür;Inger Skote;Skote, Inger ;2;;;
Privatdetektiv Mike McCoy;Rainer M. Schröder;Schröder, Rainer M.  ;2;;;
Dicke Fische kleine Gauner;Hrsg. Alfred Weidemann;Weidemann, Alfred Hrsg. ;2;;;
Das Geheimnis der grünen Maske;Alfred Weidenmann;Weidenmann, Alfred ;2;;;
Der König und der Prügelknabe;Maria Gripe;Gripe, Maria ;3;;;
Eulen Gesang;Iva Procházková;Procházková, Iva ;3;;;
Wo warst du, Robert?;Hans Magnus Enzensberger;Enzensberger, Hans Magnus ;3;;;
Wolfsaga;Käthe Recheis;Recheis, Käthe ;3;;;
Der Zauberschatz von Astalon;Joan Aiken;Aiken, Joan ;3;;;
Die Hexe von Clatteringshaws;Joan Aiken;Aiken, Joan ;3;;;
Die Wächter;John Christopher;Christopher, John ;3;;;
Das Bildnis der Alice Farnworth;Simon Schott;Schott, Simon ;3;;;
Bartimäus 2 -Das Auge des Golems;Jonathan Stroud;Stroud, Jonathan ;3;;;
Bartimäus-Die Pforte des Magiers;Jonathan Stroud;Stroud, Jonathan ;3;;;
Hüter der Erinnerung;Lois Lowry;Lowry, Lois ;3;;;
Auf der Suche nach dem Blau;Lois Lowry;Lowry, Lois ;3;;;
Der goldene Kompass;Philip Pullman;Pullman, Philip ;3;;;
Das Magische Messer;Philip Pullman;Pullman, Philip ;3;;;
Das Bernstein-Teleskop;Philip Pullman;Pullman, Philip ;3;;;
Das Banner Des Roten Adlers;Philip Pullman;Pullman, Philip ;3;;;
tödliche Missverständnisse;Philip Pullman;Pullman, Philip ;3;;;
Feanors Fluch;J.R.R. Tolkien;Tolkien, J.R.R. ;3;;;
Die Geschichte der Kinder des Húrins;J.R.R. Tolkien;Tolkien, J.R.R. ;3;;;
Tuor und seine Ankunft in Gondolin;J.R.R. Tolkien;Tolkien, J.R.R. ;3;;;
Der Herr der Ringe 1;J.R.R. Tolkien;Tolkien, J.R.R. ;3;;;
Der Herr der Ringe 2;J.R.R. Tolkien;Tolkien, J.R.R. ;3;;;
Der Herr der Ringe 3;J.R.R. Tolkien;Tolkien, J.R.R. ;3;;;
Eragon Das Vermächtnis der Drachenreiter;Christopher Paolini;Paolini, Christopher ;3;;;
Eragon Der Auftrag des Ältesten;Christopher Paolini;Paolini, Christopher ;3;;;
Eragon- die Weisheit des Feuers;Christopher Paolini;Paolini, Christopher ;3;;;
Eragon - Das Erbe der Macht;Christopher Paolini;Paolini, Christopher ;3;;;
Das Schwert in der Stille;Lian Hearn;Hearn, Lian ;3;;;
Der Pfad im Schnee;Lian Hearn;Hearn, Lian ;3;;;
Der Glanz des Mondes;Lian Hearn;Hearn, Lian ;3;;;
Der Ruf des Reihers;Lian Hearn;Hearn, Lian ;3;;;
Wintersonnenwende;Susan Cooper;Cooper, Susan ;3;;;
Biss zum Morgengrauen;Stephenie Meyer;Meyer, Stephenie ;3;;;
Seelen;Stephenie Meyer;Meyer, Stephenie ;3;;;
Biss 2;Stephenie Meyer;Meyer, Stephenie ;3;;;
Biss 3;Stephenie Meyer;Meyer, Stephenie ;3;;;
Biss Band 4;Stephenie Meyer;Meyer, Stephenie ;3;;;
Die Sturmjäger von Aradon - Feenlicht;Jenny-Mai Nuyen;Nuyen, Jenny-Mai ;3;;;
Der letzte Elf;Silvana De Mari;Mari, Silvana De ;3;;;
Die Novizin;Trudi Canavan;Canavan, Trudi ;3;;;
Die Meisterin;Trudi Canavan;Canavan, Trudi ;3;;;
Der Schlund;Gudrun Pausewang;Pausewang, Gudrun ;3;;;
Der Wilde Wald;Tonke Dragt;Dragt, Tonke ;3;;;
Der Wilde Wald;Tonke Dragt;Dragt, Tonke ;3;;;
Tigeraugen;Tonke Dragt;Dragt, Tonke ;3;;;
Das Buch der toten Tage;Marcus Sedgwick;Sedgwick, Marcus ;3;;;
Die Tribute von Panem - Tödliche Spiele;Suzanne Collins;Collins, Suzanne ;3;;;
Die Tribute von Panem 2;Suzanne Collins;Collins, Suzanne ;3;;;
Die Tribute von Panem - Flammender Zorn;Suzanne Collins;Collins, Suzanne ;3;;;
Im Kreis des Feuers;Marianne Curley;Curley, Marianne ;3;;;
Diie Hüter der Zeit;Marianne Curley;Curley, Marianne ;3;;;
Silberflügel;Kenneth Oppel;Oppel, Kenneth ;3;;;
Das Schwert in der Stille;Lian Hearn;Hearn, Lian ;3;;;
Magyk;Septimus Heap;Heap, Septimus ;3;;;
Der Sumpf der Skorpione;Steve Jackson;Jackson, Steve ;3;;;
Die Kraft der Mandola;Diana Wynne Jones;Jones, Diana Wynne ;3;;;
Das Geheimnis des siebten Zauberers;Diana Wynne Jones;Jones, Diana Wynne ;3;;;
Das Supergruselbuch;R.L. Stine;Stine, R.L. ;3;;;
Die gefesselten Gespenster;Werner Hörnemann;Hörnemann, Werner ;3;;;
Harry Potter und der Stein der Weisen;J.K. Rowling;Rowling, J.K. ;3;;;
Harry Potter 2;J.K. Rowling;Rowling, J.K. ;3;;;
Harry Potter und die Kammer des Schreckens; Band 2;Rowling, J.K. ;3;;;
Harry Potter Band 3;J.K. Rowling;Rowling, J.K. ;3;;;
Harry Potter und der Feuerkelch;J.K. Rowling;Rowling, J.K. ;3;;;
Harry Potter 4;J.K. Rowling;Rowling, J.K. ;3;;;
Harry Potter und der Orden des Phoenix;J.K. Rowling;Rowling, J.K. ;3;;;
Harry Potter Band 6;J.K. Rowling;Rowling, J.K. ;3;;;
Harry Potter 7;J.K. Rowling;Rowling, J.K. ;3;;;
Laurins Geheimnis;Christa König;König, Christa ;3;;;
Harry Potter und der Stein der Weisen;J.K. Rowling;Rowling, J.K. ;3;;;
Die Mennyms;Sylvia Waugh;Waugh, Sylvia ;3;;;
Die Mennyms auf der Flucht;Sylvia Waugh;Waugh, Sylvia ;3;;;
Die Mennyms in der Falle;Sylvia Waugh;Waugh, Sylvia ;3;;;
Das Gespenstergespenst;Thomas Burger;Burger, Thomas ;3;;;Gruselgeschichten
Der kleine Hobbit;J.R.R. Tolkien;Tolkien, J.R.R. ;3;;;
Der kleine Hobbit;J.R.R. Tolkien;Tolkien, J.R.R. ;3;;;
Gruselfieber - Vergesst mich nicht!;R.L. Stine;Stine, R.L. ;3;;;
Gruselfieber - Zweimal ich;R.L. Stine;Stine, R.L. ;3;;;
Der Schatz von Atlantis;Gabriele Beyerlein;Beyerlein, Gabriele ;3;;;
Hexenspuk in Wokingham;Othmar Franz Lang;Lang, Franz Othmar ;3;;;
Nessie und die Geister der MacLachlan;Othmar Franz Lang;Lang, Franz Othmar ;3;;;
Gänsehaut, Vollmondfieber;R.L. Stine;Stine, R.L. ;3;;;
Gänsehaut, Die unheimliche Puppe kehrt zurück;R.L. Stine;Stine, R.L. ;3;;;
Gänsehaut, Panikpark;R.L. Stine;Stine, R.L. ;3;;;
Gänsehaut, Fünf x ich;R.L. Stine;Stine, R.L. ;3;;;
Schlag zwölf beginnt die Geisterstunde;Käthe Recheis;Recheis, Käthe ;3;;;
Der Goldschmied und der Dieb;Tonke Dragt;Dragt, Tonke ;3;;;
Sieben Siegel - Tor zwischen den Welten;Kai Meyer;Meyer, Kai ;3;;;
Sieben Siegel - Mondwanderer;Kai Meyer;Meyer, Kai ;3;;;
Artemis Fowl;Eoin Colfer;Colfer, Eoin ;3;;;
Artemis Fowl - Die Verschwörung;Eoin Colfer;Colfer, Eoin ;3;;;
Artemis Fowl - Der Geheimcode;Eoin Colfer;Colfer, Eoin ;3;;;
Artemis Fowl - Die verlorene Kolonie;Eoin Colfer;Colfer, Eoin ;3;;;
Cosmo Hill - Der Supernaturalist;Eoin Colfer;Colfer, Eoin ;3;;;
Artemis Fowl - Das Zeitparadox;Eoin Colfer;Colfer, Eoin ;3;;;
Das Orakel von Oohnagh;Flavia Bujor;Bujor, Flavia ;3;;;
Der schwarze Mond;Gabriele Beyerlein;Beyerlein, Gabriele ;3;;;
Twig im Dunkelwald;Paul Steward, Chris Riddell;Riddell, Chris / Steward, Paul ;3;;;
Das Geheimnis der versunkenen Pyramide;Silvana Gandolfi;Gandolfi, Silvana ;3;;;
Die Meute der Mórrígan;Pat O'Shea;O'Shea, Pat ;3;;;
Lee Raven;Zizou Corder;Corder, Zizou ;3;;;
Schimmer;Ingrid Law;Law, Ingrid ;3;;;
Percy Jackson - Diebe im Olymp;Rick Riordan;Riordan, Rick ;3;;;
Percy Jackson - Im Bann des Zyklopen;Rick Riordan;Riordan, Rick ;3;;;
Percy Jackson - Der Fluch des Titanen;Rick Riordan;Riordan, Rick ;3;;;
Percy Jackson - Die Schlacht um das Labyrinth;Rick Riordan;Riordan, Rick ;3;;;
Percy Jackson - Die letzte Göttin;Rick Riordan;Riordan, Rick ;3;;;
Helden des Olymp - Der verschwundene Halbgott;Rick Riordan;Riordan, Rick ;3;;;
Die Kane- Chroniken - Der Schatten der Schlange;Rick Riordan;Riordan, Rick ;3;;;
Die Kane- Chroniken - Der Feuerthron;Rick Riordan;Riordan, Rick ;3;;;
Die Kane- Chroniken - Die rote Pyramide;Rick Riordan;Riordan, Rick ;3;;;
Die Stadt der träumenden Bücher;Walter Moers;Moers, Walter ;3;;;
Der Schrecksenmeister;Walter Moers;Moers, Walter ;3;;;
Der Schrecksenmeister;Walter Moers;Moers, Walter ;3;;;
Ein Schiff aus Narnia;C.S. Lewis;Lewis, C.S. ;3;;;
Schnüffler auf Burg Schreckenstein;Oliver Hassencamp;Hassencamp, Oliver ;3;;;
Graf Dracula auf Schreckenstein;Oliver Hassencamp;Hassencamp, Oliver ;3;;;
Die Medlevinger;Kirsten Boie;Boie, Kirsten ;3;;;
Harry Potter and the Order of Phoenix;J.K. Rowling;Rowling, J.K. ;3;;;Englisch
Superhelden Superschurken - Stoppt Doc Tempest;Andy Briggs;Briggs, Andy ;3;;;
Salmon 76 - Verschwörung im Weltraum;Mark Brandis;Brandis, Mark ;3;;;Sci-Fi
Die Königin der Schatten;Erika Johansen;Johansen, Erika ;3;;;
Der kleine Hobbit;J.R.R. Tolkien;Tolkien, J.R.R. ;3;;;
Die Götterkriege - Die Rose von Illian;Richard Schwarz;Schwarz, Richard ;3;;;
Die Bestimmung;Veronica Roth;Roth, Veronica ;3;;;
Seide und Schwert;Kai Meyer;Meyer, Kai ;3;;;
Die Sonne bleibt nicht stehen;Gabriele Beyerlein;Beyerlein, Gabriele ;5;;;
Sofies Welt;Jostein Gaarder;Gaarder, Jostein ;6;;;
Das Kartengeheimnis;Jostein Gaarder;Gaarder, Jostein ;6;;;
Der seltene Vogel;Jostein Gaarder;Gaarder, Jostein ;6;;;
Durch einen Spiegel, in einem dunklen Wort;Jostein Gaarder;Gaarder, Jostein ;6;;;
Bibbi Bokkens magische Bibliothek;Jostein Garder & Klaus Hagerup;Hagerup, Klaus & Gaarder, Jostein ;6;;;
Sofies Welt;Jostein Gaarder;Gaarder, Jostein ;6;;;
Prinz und Bettelknabe;Mark Twain;Twain, Mark ;6;;;
Tom Sawyers Abenteuer;Mark Twain;Twain, Mark ;6;;;
Prinz und Bettelknabe;Mark Twain;Twain, Mark ;6;;;
Lippels Traum;Paul Maar;Maar, Paul ;6;;;
Rasmus Pontus und der Schwertschlucker;Astrid Lindgren;Lindgren, Astrid ;6;;;
Rasmus und der Landstreicher;Astrid Lindgren;Lindgren, Astrid ;6;;;
Kalle Blomquist;Astrid Lindgren;Lindgren, Astrid ;6;;;
Die Brüder Löwenherz;Astrid Lindgren;Lindgren, Astrid ;6;;;
Die Kinder aus Bullerbü;Astrid Lindgren;Lindgren, Astrid ;6;;;
Ronja Räubertochter;Astrid Lindgren;Lindgren, Astrid ;6;;;
Ferien auf Saltkrokan;Astrid Lindgren;Lindgren, Astrid ;6;;;
Ferien auf Saltkrokan;Astrid Lindgren;Lindgren, Astrid ;6;;;
Wir pfeifen auf den Gurkenkönig;Christine Nöstlinger;Nöstlinger, Christine ;6;;;
Hugo, das Kind in den Besten Jahren;Christine Nöstlinger;Nöstlinger, Christine ;6;;;
Man nennt mich Ameisenbär...;Christine Nöstlinger;Nöstlinger, Christine ;6;;;
Oh, Du Hölle!! Julias Tagebuch;Christine Nöstlinger;Nöstlinger, Christine ;6;;;
Gretchen mein Mädchen;Christine Nöstlinger;Nöstlinger, Christine ;6;;;
Echt Susi;Christine Nöstlinger;Nöstlinger, Christine ;6;;;
Am Montag ist Alles ganz anders;Christine Nöstlinger;Nöstlinger, Christine ;6;;;
Münchhausen;Erich Kästner;Kästner, Erich ;6;;;
Robin Hood;Daniel Defoe;Defoe, Daniel ;6;;;
Oliver Twist;Charles Dickens;Dickens, Charles ;6;;;
Rosa Riedl - Schutzgespenst;Christine Nöstlinger;Nöstlinger, Christine ;6;;;
Maikäfer Flieg;Christine Nöstlinger;Nöstlinger, Christine ;6;;;
Maikäfer flieg-zwei Wochen im Mai;Christine Nöstlinger;Nöstlinger, Christine ;6;;;
Villa Henriette;Christine Nöstlinger;Nöstlinger, Christine ;6;;;
Wetti und Babs;Christine Nöstlinger;Nöstlinger, Christine ;6;;;
Einen Vater hab ich auch;Christine Nöstlinger;Nöstlinger, Christine ;6;;;
Hände weg von Mississippi;Cornelia Funke;Funke, Cornelia ;6;;;
Drachenreiter;Cornelia Funke;Funke, Cornelia ;6;;;
Herr der Diebe;Cornelia Funke;Funke, Cornelia ;6;;;
Tintenherz;Cornelia Funke;Funke, Cornelia ;6;;;
Tintenblut;Cornelia Funke;Funke, Cornelia ;6;;;
Die wilden Hühner;Cornelia Funke;Funke, Cornelia ;6;;;
Tintentod;Cornelia Funke;Funke, Cornelia ;6;;;
Reckless - Steinernes Fleisch;Cornelia Funke;Funke, Cornelia ;6;;;
Tom Sawyer & Huckleberry Finn;Mark Twain;Twain, Mark ;6;;;
Tom Sawyers Abenteuer;Mark Twain;Twain, Mark ;6;;;
5 Freunde beim Wanderzirkus;Enid Blyton;Blyton, Enid ;6;;;
5 Freunde im Zeltlager;Enid Blyton;Blyton, Enid ;6;;;
Fünf Freunde - helfen ihren Kameraden;Enid Blyton;Blyton, Enid ;6;;;
Freunde und Du erforschen die Schatzinsel;Enid Blyton;Blyton, Enid ;6;;;
Fünf Freunde - auf Schmugglerjagd;Enid Blyton;Blyton, Enid ;6;;;
5 Freunde und ein Zigeunermädchen;Enid Blyton;Blyton, Enid ;6;;;
5 Freunde im Nebel;Enid Blyton;Blyton, Enid ;6;;;
Geheimnis um eine Efeuvilla;Enid Blyton;Blyton, Enid ;6;;;
5 Freunde und du als Retter in der Not;Enid Blyton;Blyton, Enid ;6;;;
Robinson Crusoe;Daniel Defoe;Defoe, Daniel ;6;;;
Rätsel um den tiefen Keller;Enid Blyton;Blyton, Enid ;6;;;
Rätsel um die grüne Hand;Enid Blyton;Blyton, Enid ;6;;;
Rätsel um die grüne Hand;Enid Blyton;Blyton, Enid ;6;;;
Momo;Michael Ende;Ende, Michael ;6;;;
Jim Knopf;Michael Ende;Ende, Michael ;6;;;
Jim Knopf;Michael Ende;Ende, Michael ;6;;;
Die unendliche Geschichte;Michael Ende;Ende, Michael ;6;;;
Die unendliche Geschichte;Michael Ende;Ende, Michael ;6;;;Michael Ende, unendlich, Geschichte
Eine Weihnachtsgeschichte;Charles Dickens;Dickens, Charles ;6;;;
Monsun oder der weiße Tiger;Klaus Kordon;Kordon, Klaus ;6;;;Bombay, Gopu
Romane;Daniel Defoe;Defoe, Daniel ;6;;;
Romane Teil 2;Daniel Defoe;Defoe, Daniel ;6;;;
Der kleine Prinz;Antoine de Saint-Exupery;Saint-Exupery, Antoine de  ;6;;;
Sammelband;Erich Kästner;Kästner, Erich ;6;;;
Die Zeit ist kaputt - die Lebensgeschichte des Erich Kästner;Klaus Kordon;Kordon, Klaus ;6;;;
Mr Bat's Great Invention;Christine Nöstlinger;Nöstlinger, Christine ;6;;;Englisch
The Prince and the Pauper;Mark Twain;Twain, Mark ;6;;;Englisch
Robinson Crusoe;Daniel Defoe;Defoe, Daniel ;6;;;Englisch
Treasure Island;R.L. Stevenson;Stevenson, R.L. ;6;;;Englisch
Oliver Twist;Charles Dickens;Dickens, Charles ;6;;;Englisch
The bottle imp;R.L. Stevenson;Stevenson, R.L. ;6;;;
The Prince and the Pauper;Mark Twain;Twain, Mark ;6;;;
The Prince and the Pauper;Mark Twain;Twain, Mark ;6;;;
Conrad;Christine Nöstlinger;Nöstlinger, Christine ;6;;;
Marrying off Mother;Christine Nöstlinger;Nöstlinger, Christine ;6;;;
Fly away home;Christine Nöstlinger;Nöstlinger, Christine ;6;;;
Der Doppelmord;Edgar Allan Poe;Poe, Allan Edgar ;7;;;
Dann eben mit Gewalt;Jan De Zanger;Zanger, Jan De ;7;;;
Mkadam - Chronik eines Mordes;Dieter Bongratz;Bongratz, Dieter ;7;;;
Nur 3 Tage;Donna Jo Napoli;Napoli, Donna Jo ;7;;;
Das Lächeln der Spinne;Jürgen Banscherus;Banscherus, Jürgen ;7;;;
Der Erdbeerpflücker;Monika Feth;Feth, Monika ;7;;;
Das blaue Mädchen;Monika Feth;Feth, Monika ;7;;;
Der Mädchenmaler;Monika Feth;Feth, Monika ;7;;;
Der Mädchenmaler;Monika Feth;Feth, Monika ;7;;;
Der Scherbensammler;Monika Feth;Feth, Monika ;7;;;
Der Schattengänger;Monika Feth;Feth, Monika ;7;;;
Teufelsengel;Monika Feth;Feth, Monika ;7;;;
The bad Tuesdays;Benjamin J. Myors;Myors, Benjamin J. ;7;;;
Der Ghost Writer;Harris, Robert;Robert, Harris, ;7;;;Krimi, CIA
Operation Ocean Emerald;Ilkka Remes;Remes, Ilkka ;7;;;
Der Joker;Markus Zusak;Zusak, Markus ;7;;;
Der Unsichtbare;Mats Wahl;Wahl, Mats ;7;;;
Kaltes Schweigen;Mats Wahl;Wahl, Mats ;7;;;
Kill;Mats Wahl;Wahl, Mats ;7;;;
Little Brother;Cory Doctorow;Doctorow, Cory ;7;;;
Tote Mädchen lügen nicht;Jay Asher;Asher, Jay ;7;;;
Lügenengel;Ulrike Bliefert;Bliefert, Ulrike ;7;;;
Top Secret 2;Robert Muchamore;Muchamore, Robert ;7;;;Cherub
Top Secret 3;Robert Muchamore;Muchamore, Robert ;7;;;Cherub
Top Secret 4;Robert Muchamore;Muchamore, Robert ;7;;;
Der Kater und die kalten Herzen;Jo Pestum;Pestum, Jo ;7;;;
Der Kater kommt zurück;Jo Pestum;Pestum, Jo ;7;;;
Der Kater jagt die grünen Hunde;Jo Pestum;Pestum, Jo ;7;;;
Der Kater und der Ruf im Nebel;Jo Pestum;Pestum, Jo ;7;;;
Zugeschnappt;Jo Pestum;Pestum, Jo ;7;;;
Emma und Daniel;Mats Wahl;Wahl, Mats ;7;;;
Schlussball;Gerd Gaiser;Gaiser, Gerd ;7;;;
Das Mädchen;Stephen King;King, Stephen ;7;;;
Lüge eines Lebens - Stachelmanns vierter Fall;Christian v. Ditfurth;Ditfurth, v. Christian ;7;;;
Laienspiel;Volker Klüpfel und Michael Kobr;Kobr, Michael und Klüpfel, Volker ;7;;;Kluftingers vierter Fall
Der Gottespakt;Juan Gómez-Jurado;Gómez-Jurado, Juan ;7;;;
Tod auf dem Jakobsweg;Petra Oelker;Oelker, Petra ;7;;;
Die Rückkehr des Tanzlehrers;Henning Mankell;Mankell, Henning ;7;;;
Der Jadereiter;John Burdett;Burdett, John ;7;;;Thriller
Tod einer roten Heldin;Qiun Xiaolong;Xiaolong, Qiun ;7;;;
Felix und das liebe Geld;Nicolaus Piper;Piper, Nicolaus ;7;;;Wirtschaft
Meisterklasse;Ally Carter;Carter, Ally ;7;;;
Dr. Siri und seine Toten;Colin Cotterill;Cotterill, Colin ;7;;;
Killing Rage;Eamon Collins;Collins, Eamon ;7;;;
Sommernachtsschrei;Manuela Martini;Martini, Manuela ;7;;;
Indianische Liebesgeschichte;Oliver La Farge;Farge, La Oliver ;8;;;
Unter Verdacht;Joyce Carol Oates;Oates, Joyce Carol  ;8;;;
Du & Du & Du;Per Nilsson;Nilsson, Per ;8;;;
Carolina;Iva Prochakkova;Prochakkova, Iva ;8;;;
Der Tiger auf deiner Schulter;Günter Ohnemus;Ohnemus, Günter ;8;;;
Die Sache mit Christoph;Irina Korschunow;Korschunow, Irina ;8;;;
Anna;Justus Pfaue;Pfaue, Justus ;8;;;
Bloß (k)eine Heirat;Bali Rai;Rai, Bali ;8;;;
Lucas;Kevin Brooks;Brooks, Kevin ;8;;;
Der gelbe Vogel;Myron Levoy;Levoy, Myron ;8;;;
Drei Freunde;Myron Levoy;Levoy, Myron ;8;;;
Adam und Lisa;Myron Levoy;Levoy, Myron ;8;;;
So lonely;Per Nilsson;Nilsson, Per ;8;;;
Wahnsinnsgefühl;Achim Bröger;Bröger, Achim ;8;;;
Prinz William, Maximilian Minsky und ich;Holly-Jane Rahlens;Rahlens, Holly-Jane ;8;;;
Mauerblümchen;Holly-Jane Rahlens;Rahlens, Holly-Jane ;8;;;
Unter Verdacht;Joyce Carol Oates;Oates, Joyce Carol ;8;;;
Das blaue Mädchen;Monika Feth;Feth, Monika ;8;;;
Charlottes Traum;Gabi Kreslehner;Kreslehner, Gabi ;8;;;
Easy und Scheer;Gerd Fuchs;Fuchs, Gerd ;8;;;
Einen Klick entfernt von dir;Sara Kadefors;Kadefors, Sara ;8;;;
Zwischen Himmel und Hölle;Otti Pfeiffer;Pfeiffer, Otti ;8;;;
Hin und weg von dir;Bender/Kalinke;Bender/Kalinke, ;8;;;
Wie Licht schmeckt;Friedrich Ani;Ani, Friedrich ;8;;;
Aus dem Tackt;Mats Berggren;Berggren, Mats ;8;;;
Tante Tilli macht Theater;Peter Härtling;Härtling, Peter ;8;;;
Bettina und Achim ;Frederik Hetmann;Hetmann, Frederik ;8;;;
Svenja hats erwischt;Christian Bieniek;Bieniek, Christian ;8;;;
Berts heimliche Katastrophen;S. Olsson, A. Jacobsson;Jacobsson, A. / Olsson, S. ;8;;;
Das Geheimnis der Bucht ;Haege Follegg Pedersen;Pedersen, Haege Follegg;8;;;
Hexentricks und Liebeszauber;Bianka Minte-König;Minte-König, Bianka ;8;;;
Was reimt sich auf Liebe?;Sabine Both;Both, Sabine ;8;;;
Floraliebling;Dagmar Chidolue;Chidolue, Dagmar ;8;;;
Liebkind im Vogelnest;Peter Hacks;Hacks, Peter ;8;;;
Dshamilija;Tschingis Aitmatow;Aitmatow, Tschingis ;8;;;
Aschermittwoch;Ethan Hawke;Hawke, Ethan ;8;;;
Wellen;Eduard von Keyserling;Keyserling, Eduard von ;8;;;
Crazy;Benjamin Lebert;Lebert, Benjamin ;8;;;
Julischatten;Antje Babendererde;Babendererde, Antje ;8;;;
Die erste Liebe;John Green;Green, John ;8;;;
Margos Spuren;John Green;Green, John ;8;;;
Der Sommer, als ich schön wurde;Jenny Han;Han, Jenny ;8;;;
Feuer und Flamme;Jenny Han/Siobhan Vivian;Vivian, Siobhan /Han, Jenny ;8;;;
Der Sommer, der nur uns gehört;Jenny Han;Han, Jenny ;8;;;
Ohne dich kein Sommer;Jenny Han;Han, Jenny ;8;;;
Weil ich will Liebe;Colleen Hoover;Hoover, Colleen ;8;;;
Ein ganzes halbes Jahr;Jojo Moyes;Moyes, Jojo ;8;;;
Liebesbriefe aus Wiepersdorf;Peter Nell;Nell, Peter ;8;;;