Titel;Autor;hkat;ukat1;Kat3;Schlagworte
Hypatia;Arnulf Zitelmann;5;10;;
Verschollen in der Pyramide;Rosa Naumann;5;10;;
Ich fand Tut-ench-Amun;Howard Carter;5;10;;
Rette dich Pharao;Josef Carl Grund;5;10;;
die Welt der Pharaonen;Hans Baumann;5;10;;
Helen Keller;Evelyn Clevé;4;24;;
M.C. Higgins, der Grosse;Virginia Hamilton;4;24;;
Entführung nach Hause;Iva Procházková;4;24;;
Theos Reise;Catherine Clément;4;24;;
Ein Anruf von Sebastian;Irina Korschunow;4;24;;
Blaupause blueprint;Charlotte Kerner;4;24;;
Blaupause blueprint;Charlotte Kerner;4;24;;
Blaupause blueprint;Charlotte Kerner;4;24;;
Meine Schwester Sara;Ruth Weiss;4;24;;
Was du willst;David Klass;4;24;;
Mit offenen Augen;Joyce Carol Oates;4;24;;
Sexy;Joyce Carol Oates;4;24;;
Zwei Wege in den Sommer;Robert Habeck, Andrea Paluch;4;24;;
Wohin du mich führst;David Grossman;4;24;;
Im Schatten der Wächter;Graham Gardner;4;24;;
Und was ist mit mir?;Monika Feth;4;24;;
Der Graf von Monte Christo;Alexandre Dumas;4;24;;
Luna;Julie Anne Peters;4;24;;
Eine wie Alaska;John Green;4;24;;
Pawlows Kinder;Simon Borowiak;4;24;;
Mauer aus Wut;Mats Wahl;4;24;;
Du musst die Wahrheit sagen;Mats Wahl;4;24;;
Alles nur ein Spiel?;Mariah;4;24;;
Unter Freunden;Thomas Fuchs;4;24;;
Wir Kinder vom Bahnhof Zoo;Christiane F.;4;24;;
Behalt das Leben lieb;Jaap ter Haar;4;24;;
Am kürzeren Ende der Sonnenallee;Thomas Brussig;4;24;;
Ich hab dir nie einen Rosengarten versprochen;Hannah Green;4;24;;
Nicht ohne meine Tochter;Betty Mahmoody;4;24;;
Die neuen Leiden des jungen W.;Ulrich Plenzdorf;4;24;;
Die Tante Jolesch;Friedrich Torberg;4;24;;
Die Erben der Tante Jolesch;Friedrich Torberg;4;24;;
Der Abituriententag;Franz Werfel;4;24;;
Der menschliche Makel;Philip Roth;4;24;;
Kristina, vergiß nicht…;Willi Fährmann;4;24;;
Wüstenblume;Waris Dirie;4;24;;
Nomadentochter;Waris Dirie;4;24;;
Das Land, in dem man noe ankommt;André Dhôtel;4;24;;
Sansibar oder der letzte Grund;Alfred Andersch;4;24;;
Der Weg in die Traumzeit;Jackie French;4;24;;
Der lange Weg des Lukas B.;Willi Fährmann;4;24;;
Denken heisst zum Teufel beten;Wolfgang Kirchner;4;24;;
Lucy;Jamaica Kincaid;4;24;;
Der Tunnel;Bernhard Kellermann;4;24;;
Die Memoiren des Peterhans von Binningen;Curt Goetz;4;24;;
Die Macht des Feuers;Henning Mankell;4;24;;
Ein friedlicher Ort;Joan Lingard;4;24;;
Oya Fremde Heimat Türkei;König/Straube/Taylan;4;24;;
Madison und die Freiheit der Jugend;Norma Klein;4;24;;
Das Große Kishon Buch;Langen Müller;4;24;;
Sie haben mich zu einem Ausländer gemacht…;;4;24;;
Simple;Marie-Aude Murail;4;24;;
Simple;Marie-Aude Murail;4;24;;
Verkauft;Patricia McCormick;4;24;;
Marcus Rosenbloom und die Liebe;Harry Mazer;4;24;;
Meinst du, der Falke hat uns gesehen?;Norma Mazer;4;24;;
Na, Schwesterech?;Norma Mazer;4;24;;
Rosalenas Spiegel;Anne Provoost;4;24;;
Die Zeit der geheimen Wünsche;Iva Procházková;4;24;;
Leihst du mir deinen Blick;Valérie Zenatti;4;24;;
Wir treffen uns wieder in meinem Paradies;Christel & Isabell Zachert;4;24;;
Nur eine Liste;Siobhan Vivian;4;24;;
Salto abwärts;Dieter Schliwka;4;24;;
Aristoteles und Dnate entdecken die Geheimnisse des Universums;Benjamin Alire Sáenz;4;24;;
Onkel Toms Hütte;H. Beecher-Stowe;5;11;;
Der Stern der Cherokee;Forest Carter;5;11;;
Der Stern der Cherokee;Forest Carter;5;11;;
Der fliegende Pfeil;Fritz Steuben;5;11;;
Der rote Sturm;Fritz Steuben;5;11;;
Hinter den Bergen die Freiheit;Günter Sachse;5;11;;
Becky Brown - Versprich nach mir zu suchen;Rainer M. Schröder;5;11;;
Abby Lynn 1;Rainer M. Schröder;5;11;;
Abby Lynn 2;Rainer M. Schröder;5;11;;
Abby Lynn 3;Rainer M. Schröder;5;11;;
Abby Lynn 4;Rainer M. Schröder;5;11;;
Die Kinderkarawane;An Rutgers;5;11;;
Der Raub des Chinabaumes;Alfred Hageni;5;11;;
Sheriffs Räuber TexasRangers;Frederik Hetmann;5;11;;
Unsere kleine Farm;Laura Ingalls Wilder;5;11;;
Unsere kleine Farm 2;Laura Ingalls Wilder;5;11;;
Unsere kleine Farm 3;Laura Ingalls Wilder;5;11;;
Unsere kleine Farm 4;Laura Ingalls Wilder;5;11;;
Unsere kleine Farm 5;Laura Ingalls Wilder;5;11;;
Unsere kleine Farm 6;Laura Ingalls Wilder;5;11;;
Unsere kleine Farm 7;Laura Ingalls Wilder;5;11;;
das gläserne Messer;John Tully;5;11;;
"Roots";Alex Haley;5;11;;
"Roots";Alex Haley;5;11;;
Booker Washington;Jean Francois Cabrières;5;11;;
Männer übers Meer verweht;Frederik Hetmann;5;17;;
Kleiner Weg;Arnulf Zitelmann;5;17;;
Vom Rentierjäger zum Raubritter;Tonny Vos - Dahmen von Buchholz;5;17;;
Das Dorf am See;Josef Carl Grund;5;17;;
Die Höhle über dem Fluss;Josef Carl Grund;5;17;;
Die Stadt der Pferdegöttin;Josef Carl Grund;5;17;;
Die Höhlenkinder - Im heimlichen Grund;A. Th. Sonnleitner;5;17;;
Die Höhle der weißen Wölfin;Gabriele Beyerlein;5;17;;
Die Kette der Dragomira;Gabriele Beyerlein;5;17;;
Das vertauschte Kind;Roesemary Sutcliff;5;17;;
Die eiserne Lerche;Michail Krausnick;5;18;;
Hungerweg- Das Schicksal der Schwabenkinder;Othmar Franz Lang;5;18;;
Beeren-Sommer;Inge Barth-Grözinger;5;18;;
Berlin, Bülowstraße 80a;Gabriele Beyerlein;5;18;;
Die schwarzen Brüder;Lisa Tetzner;5;18;;
Donnergrollen;Mildred D. Taylor;5;18;;
Wir Kuckuckskinder;Anatoli Pristawkin;5;18;;
Emmas Weg in die Freiheit;Thomas Jeier;5;18;;
Zeit zu hassen, Zeit zu lieben;Willi Fährmann;5;18;;
Der Mann im Feuer;Willi Fährmann;5;18;;
Ich kann es nicht vergessen;Margaret I. Rostkowski;5;18;;
Tisha;Robert Specht;5;18;;
Cuore;Edmondo De Amicis;5;18;;
Spuk in der Schule;Carol Drinkwater;5;18;;
Gläserne Bienen;Ernst Jünger;5;18;;
Völkerschlachtsdenkmal;Erich Loest;5;18;;
Die schwarze Muse;Dieter Hirschberg;5;18;;
Station Victoria;Anne Cuneo;5;18;;
Sturz der Titanen;Ken Follett;5;18;;
Der Fluch von Troja;Bellinda;5;18;;
Merlin und Artus;Rosemary Sutcliff;9;12;;
Merlin und Artus;Rosemary Sutcliff;9;12;;
Lanzelot und Ginevra;Rosemary Sutcliff;9;12;;
Der Rebell und der Herzog;Hanns Maria Lux;5;19;;
das Abenteuerliche Leben des Doktor Faust;Felix Huby;5;19;;
Wolfgang Amadé;Valerian Tornius;5;19;;
Wolfsrudel;Floortje Zwigtmann;5;19;;
Totenbraut;Nina Blazon;5;19;;
das verschwundene Testament der Alice Shadwell;Rainer M. Schröder;5;19;;
Der abenteuerliche Simplicissimus;Hans Jakob Christoffel von Grimmelshausen;5;19;;
Der abenteuerliche Simplicissimus;Hans Jakob Christoffel von Grimmelshausen;5;19;;
Trenck;Bruno Frank;5;19;;
Verrat!;Inge Ott;5;19;;
Die letzte Frist;Valentin Rasputin;5;19;;
Der junge Wiking;T.Vos-Dahmen von Buchholz;5;20;;
Reiter aus der Sonne;Josef Carl Grund;5;20;;
Überfall der Wikinger;Leif Esper Andersen;5;20;;
Der goldene Kegel;Gabriele Beyerlein;5;20;;
Der eiserne Heinrich;Christa Ludwig;5;20;;
Mordred, Sohn des Artus;Nancy Springer;5;20;;
Jenseits von Aran;Arnulf Zitelmann;5;20;;
Vom Skamander zum Löwentor;Heinrich Schliemann;5;13;;
Leonidas und seine Dreihundert;Mary Renault;5;13;;
Entscheidung bei Salamis;Wolfram zu Mondfeld;5;13;;
Die Trojanerin;Katherine Allfrey;5;13;;
Die Nacht der Zugvögel;Eva Rechlin;5;13;;
Der Komet von Samos;T. Vos-Dahmen von Buchholz;5;13;;
Im Zeichen von Olympia;Margaret Hodges;5;13;;
Letzter Kampf in Olympia;Dieter Müller;5;13;;
Gefahr für Olympia;Katherine Roberts;5;13;;
Die Geschichten von Herodot;Heinrich Pleticha;5;13;;
Sokrates vor Gericht;Mason;5;13;;
Der Fluch von Troja;Bellinda;5;13;;
Wettlauf in Olympia;Olaf Fritsche;5;13;;
Marco Polo- Abenteuer im Reich der Mitte;Milton Rugoff;5;21;;
Edle Räuber, große Gauner;Ludwig Barring;5;21;;
Robin Hood;Howard Pyle;5;21;;
Robin Hood;Howard Pyle;5;21;;
Klaus Störtebeker;Gustav Schalk;5;21;;
Ben Mahkis oder Die Reise in das Abendland;Kurt Wasserfall;5;21;;
Catherine - Lady wider Willen;Karen Cushman;5;21;;
Das Siegel;Wolfgang Hohlbein;5;21;;
Der Name der Rose;Umberto Eco;5;21;;
Der Medicus;Noah Gordon;5;21;;
Marco Polo und die Söhne des Himmels;M.Z. Thomas;5;21;;
Die Blütezeit der Seeräuber in Nord- und Ostsee;Dieter Zimmerling;5;21;;
Der Ritter;Max Kruse;5;21;;
Unter Gauklern;Arnulf Zitelmann;5;21;;
Der Medicus;Noah Gordon;5;21;;
Das Nest der Zaunkönige;Gustav Freytag;5;21;;
Bruder Staubfuß;Roesemary Sutcliff;5;21;;
Stich um Stich;Lars-Henrik Olsen;5;21;;
Robin Hood;Hrsg. Gerstenberg;5;21;;
Die rote Zora und ihre Bande;Kurt Held;4;25;;
Geboren 1999 - Eine Zukunfts Geschichte;Charlotte Kerner;4;25;;
schlafende Hunde;Sonya Hartnett;4;25;;
Die Reise ans Ende der Welt;Henning Mankell;4;25;;
Die Tote im Wald;Soniam Levitin;4;25;;
Worüber keiner spricht;Allan Stratton;4;25;;
Chandas Krieg;Allan Stratton;4;25;;
Alles auf Anfang;Barbara Lehnerer;4;25;;
Wildwassermädchen;James Pope;4;25;;
Nenn mich einfach super!;Reinhold Ziegler;4;25;;
Ein paar richtig schöne Tage;Mats Wahl;4;25;;
Ich hätte Nein sagen können;Annika Thor;4;25;;
Der kleine Lord;Frances Burnett;4;25;;
Hilfe die Herdmanns kommen;Babara Robinson;4;25;;
Mein Urgroßvater und ich;James Krüss;4;25;;
Der Schreckliche Anfang;Lemony Snicket;4;25;;
Die Rache des Marmorzüchters;Willy van Doorselaer;4;25;;
Stellastraße;Elisabeth Honey;4;25;;
Erzähl mir von Oma;Guus Kuijer;4;25;;
Bongo Bommel aus dem All;Elfie Donnelly;4;25;;
Die rote Zora;Kurt Held;4;25;;
Lügenmaus und Bärenkönig;Otto Maier Hg.;4;25;;
Nennt mich nicht Ismael;Michael Gerard Bauer;4;25;;
Ismael und der auftritt der Seekühe;Michael Gerard Bauer;4;25;;
Wer spinnt denn da?;Iva Procházková;4;25;;
Der Sommer hat Eselsohren;Iva Procházková;4;25;;
Geh und spiel mit dem Riesen;Hans- Joachim Gelberg;4;25;;
Schlimmes Ende;Philip Ardagh;4;25;;
Heidi 1;Johanna Spyri;4;25;;
Heidi 2;Johanna Spyri;4;25;;
Damals im Poggenwalde;Arno Surminski;4;25;;
Benni Sprachlos;Peter Steinbach;4;25;;
Der Hund, der unterwegs zu einem Stern war;Henning Mankell;4;25;;
Pinocchio;Carlo Collodi;4;25;;
Paul Vier und die Schröders;Andreas Steinhöfel;4;25;;
Gregs Tagebuch - Von Idioten umzingelt!;Jeff Kinney;4;25;;
Warten auf Anya;Michael Morpurgo;4;25;;
DORK diaries;Rachel Renee Russell;4;25;;
Mit Jakob wurde alles anders;Kirsten Boie;4;25;;
Der kleine Nick;Sempé Goscinny;4;25;;
Der kleine Nick - und die Ferien;Sempé Goscinny;4;25;;
Der kleine Nick - und seine Bande;Sempé Goscinny;4;25;;
Der kleine Nick - und die Schule;Sempé Goscinny;4;25;;
Der kleine Nick - und die Mädchen;Sempé Goscinny;4;25;;
Die Nachtvögel;Tormod Haugen;4;25;;
Mein Bruder Jack;Joachim Hartenstein;4;25;;
Betreten verboten;Uwe-Michael Gutzschahn;4;25;;
Der Weg durch die Wand;Almut Gernhardt;4;25;;
Die blauen und die grauen Tage;Monika Feth;4;25;;
Servus Opa, sagte ich leise.;Elfie Donnelly;4;25;;
Die Zwölf vom Dachboden;Pauline Clarke;4;25;;
Der kleine Lord;Frances Burnett;4;25;;
Nachmittags im fünften Stock;I.Jaques- Buddenböhmer;4;25;;
… und dann kam Joselle;Kevin Henkes;4;25;;
Timm Thalers Puppen oder die Verkaufte Menschenliebe;James Krüss;4;25;;
Eine Art Familientreffen;Judith Kerr;4;25;;
Gespenster essen kein Sauerkraut;Gina Ruck-Pauquèt;4;25;;
Ich war eine Ratte;Philip Pullman;4;25;;
Mut zur Tat;Ina Prowe & Carl Corner;4;25;;
Kratzer im Lack;Mirjam Pressler;4;25;;
Einer zuviel im Klassenbuch;Otti Pfeiffer;4;25;;
Benvenuto heisst Willkommen;Hans Gerorg Noack;4;25;;
Goliath von nebenan;An Rutgers;4;25;;
Wenn einfach etwas geschieht;Anna-Greta Winberg;4;25;;
Erinnerung an David;Jean Ure;4;25;;
Never Alone;Ute Wegmann;4;26;;
Die Outsider;Susan E. Hinton;4;26;;
Es gibt hier nur zwei Richtungen Mister;Reinhold Ziegler;4;26;;
Ein Schatten wie ein Leopard;Myron Levoy;4;26;;
Kick it like Beckham;Narinder Dhami;4;26;;
Vorstadtkrokodile;C. Bertelsmann;4;26;;
Crash - Das Leben ist Football;Jerry Spinnelli;4;26;;
Billy Elliot;Melvin Burgess;4;26;;
der große Bingobang;Peter Carey;4;26;;
Nicht Chicago. nicht hier.;Kirsten Boie;4;26;;
Elf Freunde müßt ihr sein;Sammy Drechsel;4;26;;
Dann nehmt doch mich;Volker W. Degener;4;26;;
Manni der Libero;Peter Conradi;4;26;;
>>Halbzeit<< Fußballgeschichten;HRSG. James Riordan;4;26;;
Freak;Rodman Philbrick;4;26;;
Heinrichs Geheimnis;Jo Pestum;4;26;;
Rolltreppe abwärts;Hans-Georg Noack;4;26;;
Berts beste Katastrophen;S. Olsson, A. Jacobsson;4;26;;
Der rote Nepomuk;Josef Holub;4;26;;
Die Fünfzig vom Abendblatt;Alfred Weidenmann;4;26;;
Samuel Tillerman, Der Läufer;Cynthia Voigt;4;26;;
Der Fluch des Käpt´n Korby;Dieter Schliwka;4;26;;
Wie Sand vor dem Wind;Kurt Lütgen;5;14;;
Rotes Kap der Abenteuer;Rainer M. Schröder;5;14;;
Land des Feuers, Land der Sehnsucht;Rainer M. Schröder;5;14;;
Jäger des weißen Goldes;Rainer M. Schröder;5;14;;
Auf dem Strom;Hermann Schulz;5;14;;
Pepe Amado;Gudrun Pausewang;5;14;;
Rote Sonne, schwarzes Land;Barbara Wood;5;14;;
Ein Schmetterling aus Surinam;Ingrid Möller;4;27;;
Carolina;Iva Procházková;4;27;;
Ein krasser Sommer;Eva-Maria Schmid;4;27;;
Fragt mal Alice;Anonym;4;27;;
Ich, die Andere;Jana Frey;4;27;;
Klassenspiel;Celia Rees;4;27;;
Essen? Nein, danke!;Stewart;4;27;;
Hamide spielt Hamide;Annelies Schwarz;4;27;;
Novemberkatzen;Mirjam Pressler;4;27;;
Zoe schweigt;Martia De Sterck;4;27;;
Die vier Freiheiten der Hanna B.;Ingeborg Bayer;4;27;;
Der Gesang der Orcas;Antje Babendererde;4;27;;
Taube unter Falken;Katherine Allfrey;4;27;;
Drachenflügel;Renate Welsh;4;27;;
Shabanu Tochter des Windes;Suzanne Fisher Staples;4;27;;
Im Tunnel Sterne suchen;Jane Mitchell;4;27;;
Zweimal Marie;Nina Petrick;4;27;;
Alles Liebe, Deine Anna;Jean Little;4;27;;
Der Schatten des Schmetterlings;Marjaleena Lembke;4;27;;
Als ich noch Gretchen Asmussen hieß;Christina König;4;27;;
Buon Giorno Germania;Enzo Demattè;4;27;;
Fränze;Peter Härtling;4;27;;
50 Hertz gegen Stalin;Steffen Lüddemann;5;15;;
Da soll der Mensch nicht scheiden;Herbert Plate;5;15;;
Giuseppe und Maria;Kurt Held;5;15;;
Mauersegler;Waldtraut Lewin;5;15;;
Zwischen uns die Mauer;Katja Hildebrand;5;15;;
Stern über der Mauer;H.-G. Noack;5;15;;
Weggesperrt;Grit Poppe;5;15;;
Die Stunde der Lerche;Willi Fährmann;5;15;;
Wintereis;Peter van Gestel;5;15;;
Ein Kind im Krieg;Thierry Jonquet;5;15;;
Krücke;Peter Härtling;5;15;;
Das Schulschwein;Walter Püschel;5;15;;
5 Tage im Juni;Stefan Heym;5;15;;
Mutmaßungen über Jakob;Uwe Johnson;5;15;;
Nikolaikirche;Erich Loest;5;15;;
Gratwanderung;Jewgenia Ginsburg;5;15;;
Im Sperrkreis;Felix Hartlaub;5;15;;
The Russia House;John le Carré;5;15;;Englisch
Paule Pizolka;Arnulf Zitelmann;5;22;;
Stern ohne Himmel;Leonie Ossowski;5;22;;
Die lange Reise des Jakob Stern;Rainer M. Schröder;5;22;;
Mojsche und Rejsele;Karlijn Stoffels;5;22;;
Als Hitler das rosa Kaninchen stahl;Judith Kerr;5;22;;
Warten bis der Frieden kommt;Judith Kerr;5;22;;
Er hieß Jan;Irina Korschunow;5;22;;
... und dann musste ich gehen;Charles Hannam;5;22;;
Das Scheusal;Alice Herdan-Zuckmayer;5;22;;
du darfst nicht schreien;Gudrun Pausewang;5;22;;
Die Welle;Morton Rhue;5;22;;
Liverpool Street;Anne C. Voorhoeve;5;22;;
Ein Stück Himmel;Janina David;5;22;;
Ein Stück Erde;Janina David;5;22;;
Ein Stück Fremde;Janina David;5;22;;
Alles ist erleuchtet;Jonathan Safran Foer;5;22;;
Extrem laut und unglaublich nah;Jonathan Safran Foer;5;22;;
Ein Haus für alle;Urusla Wölfel;5;22;;
Im Vorhof der Hölle;Carlo Ross;5;22;;
Das Jahr der Wölfe;Willi Fährmann;5;22;;
Emma oder die unruhige Zeit;Ursula Fuchs;5;22;;
Emma oder die unruhige Zeit;Ursula Fuchs;5;22;;
Lena - Unser Dorf und der Krieg;Käthe Recheis;5;22;;
Bis zur letzten Stunde;Traudel Junge;5;22;;
Er hieß Jan;Irina Korschunow;5;22;;
Die Kinder aus Nr. 67;Lisa Tetzner;5;22;;
Das Haus in den Bäumen;Renate Welsh;5;22;;
Jugend ohne Gott;Ödön von Horvath;5;22;;
Uns geht’s ja noch gold;Walter Kempowski;5;22;;
Die Welle;Morton Rhue;5;22;;
Atemschaukel;Herta Müller;5;22;;
Die erste Polka;Horst Bienek;5;22;;
Die letzten Tage von Pompeji;Edward Bulwer-Lytton;5;16;;
Viel Spaß mit den Römern!;Freya Stephan-Kühn;5;16;;
Der silberne Zweig;Rosemary Sutcliff;5;16;;
Der Adler der neunten Legion;Rosemary Sutcliff;5;16;;
Die Fackel Träger;Rosemary Sutcliff;5;16;;
Caius 1;Henry Winterfeld;5;16;;
Caius geht ein Licht auf;Henry Winterfeld;5;16;;
Caius 3;Henry Winterfeld;5;16;;
Caius, der Lausbub aus dem alten Rom;Henry Winterfeld;5;16;;
Caius, der Lausbub aus dem alten Rom;Henry Winterfeld;5;16;;
Mit Hannibal über die Alpen;Tilman Röhrig;5;16;;
Spartacus - Sklave und Rebell;Hans Dieter Stöver;5;16;;
Quintus geht nach Rom;Hans Dieter Stöver;5;16;;
Drei Tage in Rom;Hans Dieter Stöver;5;16;;
Große Gegner Roms;Hans Dieter Stöver;5;16;;
Quintus in Gefahr;Hans Dieter Stöver;5;16;;
Quintus in Gefahr;Hans Dieter Stöver;5;16;;
Quintus setzt sich durch;Hans Dieter Stöver;5;16;;
Quintus geht nach Rom;Hans Dieter Stöver;5;16;;
Das römische Weltwunder;Hans Dieter Stöver;5;16;;
Abram und Sarai;Arnulf Zitelmann;5;16;;
Ein gewisser Arminius;Werner Völker;5;16;;
Ein junger Römer namens Lukios;Maria Regina Kaiser;5;16;;
Das Erbe des Grauen Wolfes;Julian Atterton;5;16;;
4 für Rom - Die Piraten von Pompeji;Caroline Lawrence;5;16;;
Die Diebe von Ostia;Caroline Lawrenge;5;16;;
Gib mir meine Legionen wieder;Josef Carl Grund;5;16;;
TITUS kommt nicht alle Tage;Irene Ruttmann;5;16;;
Feuer am Limes;Josef Carl Grund;5;16;;
Geiseln für Cäsar;Josef Carl Grund;5;16;;
Zwei Leben für Hannibal;Josef Carl Grund;5;16;;
Asche auf Pompeji;Josef Carl Grund;5;16;;
Hannibal;Gisbert Haefs;5;16;;
Quo Vadis?;Henryk Sienkiewicz;5;16;;
Caesar und die Fäden der Macht;Harald Parigger;5;16;;
Hüte dich vor Caesars Rache;Lola Gándara;5;16;;
Die schwarze Schatulle;Batya Gur;5;16;;
Falsches Spiel in der Arena;Fabian Lenk;5;16;;
Anschlag auf Pompeji;Fabian Lenk;5;16;;
Galahad;Rosemary Sutcliff;5;16;;
Dürfen Sklaven sich Verlieben?;Sylke Tempel;5;16;;
Die Festung im Fels;Galila Ron-Feder;5;16;;
Lukios;Maria Regina Kaiser;5;16;;
Zwölf Steine für Judäa;Arnulf Zitelmann;5;16;;
Die wahrhaftigen Abenteuer des Felix Faber;Reiner M. Schröder;5;28;;
Marijn bei den Freibeutern;Miep Diekmann;5;28;;
Jenseits des großen Meeres - Die Flucht;Avi;5;28;;
Jenseits des großen Meeres - Der blinde Passagier;Avi;5;28;;
Piraten!;Celia Rees;5;28;;
Da liegt Gold, Tim!;Hans Brunner;5;28;;
Wrack unter Wasser;An Rutgers;5;28;;
Der junge Seewolf;Frank Adam;5;28;;
Hexenfeuer;Isolde Heyne;5;23;;
Magellan;Kurt Honolka;5;23;;
Alyce und keine andere;Karen Cushman;5;23;;
Das Kloster der Ketzer;Rainer M. Schröder;5;23;;
Die Lagune der Galeeren;Rainer M. Schröder;5;23;;
Das Geheimnis um die Seelenpest;Jürgen Seidel;5;23;;
Hexenfeuer;Isolde Heyne;5;23;;
Don Quichotte;Erich Kästner;5;23;;
Junipers Hexenkind;Monica Furlong;5;23;;
Matilda Bone;Karen Cushman;5;23;;
Don Quijote;Miguel de Cervantes Saavedra;5;23;;
Don Quijote;Miguel De Cervantes Saavedra;5;23;;
Das Friedenskind;Ann Phillips;5;23;;
Die Brüder des Wolfes;Wolf-Dieter v. Tippelskirch;5;23;;
Das Zeichen im Feuer;Cynthia Harnett;5;23;;
Die Brüder des Wolfes;Wolf-Dieter v. Tippelskirch;5;23;;
Der Ritter von der Drachenburg;Claudia Brinker;5;23;;
Samurai;Chris Bradford;5;23;;
Entdecker, Forscher, Abenteurer;Rainer M. Schröder;1;;;
Ich-Gracey O´Malley;Franjo Terhart;1;;;Die abenteuerliche Geschichte einer irischen Piratin
Heul doch den Mond an und Der Schatz der Apachen;Werner J. Egli;1;;;
Der Ruf der Wildnis;Jack London;1;;;
In der Brandung und andere Geschichten;Jack London;1;;;
Wolfsblut;Jack London;1;;;
Lockruf des Goldes;Jack London;1;;;
Das Mondtal;Jack London;1;;;
Der Seewolf;Jack London;1;;;
Alaska - Kid;Jack London;1;;;
Winnetou 1;Karl May;1;;;
Am stillen Ozean;Karl May;1;;;
Am rio de la Plata;Karl May;1;;;
In den Kordilleren;Karl May;1;;;
In den Kordilleren;Karl May;1;;;
Menschenjäger;Karl May;1;;;
Der Mahdi;Karl May;1;;;
Im Sudan;Karl May;1;;;
Winnetou 2;Karl May;1;;;
Bei den Trümmern von Babylon;Karl May;1;;;
Winnetou 2;Karl May;1;;;
Winnetou 3;Karl May;1;;;
Unter Geiern;Karl May;1;;;
Der Ölprinz;Karl May;1;;;
Old Surehand 2;Karl May;1;;;
Durch die Wüste;Karl May;1;;;
Durchs wilde Kurdistan;Karl May;1;;;
Benito Juarez;Karl May;1;;;
Von Bagdad nach Stambul;Karl May;1;;;
Der Derwisch;Karl May;1;;;
Im Tal des Todes;Karl May;1;;;
In den Schluchten des Balken;Karl May;1;;;
Durch das Land der Skipetaren;Karl May;1;;;
Der Schut;Karl May;1;;;
Der Schut;Karl May;1;;;
Zwei Jahre Ferien;Jules Vernes;1;;;
Die Eissphinx;Jules Vernes;1;;;
Keraban, der Starrkopf;Jules Vernes;1;;;
Hektor Servadacs Weltraumreise;Jules Vernes;1;;;
Die Abenteuer des Käpitäns Hatteras;Jules Vernes;1;;;
Fünf Wochen im Ballon;Jules Vernes;1;;;
Mathias Sandorf;Jules Vernes;1;;;
20 000 Meilen unter dem Meer;Jules Vernes;1;;;
Das Abenteuer des Kapitän Hatteras;Jules Vernes;1;;;
Das Mondabenteuer;Jules Vernes;1;;;
Ein Kapitän von 15 Jahren;Jules Vernes;1;;;
Die Reise um die Erde in 80 Tagen- Reise zum Mittelpunkt der Erde;Jules Vernes;1;;;
Geh, zügle den Sturm;Joan Aiken;1;;;
Der flüsternde Berg;Joan Aiken;1;;;
Ein Hauch von Frost;Joan Aiken;1;;;
Anschlag auf Nantucket;Joan Aiken;1;;;
Geh, sattle das Meer;Joan Aiken;1;;;
Ein Kichern in der Luft;Joan Aiken;1;;;
Geh, zähme den Berg;Joan Aiken;1;;;
Die Borger in den Feldern;Mary Norton;1;;;
Die Stadt der wilden Götter;Isabel Allende;1;;;
Im Reich des goldenen Drachen;Isabel Allende;1;;;
Im Bann der Masken;Isabel Allende;1;;;
Löcher Die Geheimnisse von Green Lake;Louis Sachar;1;;;
Ayla und der Clan des Bären;Jean M. Auel;1;;;
Reise um die Erde in achtzig Tagen;Jules Vernes;1;;;
Der schwarze Steuermann;Joseph Conrad;1;;;
Das Geheimnis des siebten Weges;Tonke Dragt;1;;;
Die Türme des Februar;Tonke Dragt;1;;;
Weiße Finsternis;Geraldine McCauhrean;1;;;
Sie nannten ihn Lederstrumpf;Walter Hansen;1;;;
Großer Tiger und Christian;Fritz Mühlenweg;1;;;
Grischka;René Guillot;1;;;
Die Dschungelbücher;Kipling;1;;;
Ein Kapitän von 15 Jahren;Jules Vernes;1;;;
Gullivers Reisen;Jonathan Swift;1;;;
Die geheime Benedict-Gesellschaft;Trenton Lee Stewart;1;;;
Die geheime Benedict-Gesellschaft 2;Trenton Lee Stewart;1;;;
Auf der Suche nach Padjelanta;Anton Quintana;1;;;
Insel der blauen Delfine;Scott O'Dell;1;;;
Das verlassene Boot am Strand;Scott O'Dell;1;;;
Insel der blauen Delfine;Scott O'Dell;1;;;
Insel der blauen Delfine;Scott O'Dell;1;;;
Grischkas großes Abenteuer;Rene Guillot;1;;;
Die Piratenamsel;Uwe Timm;1;;;
Der Schatz auf Pagensand;Uwe Timm;1;;;
Julie von den Wölfen;Jean Craighead George;1;;;
Wölfe ums Schloss;Joan Aiken;1;;;
Isa und die Schmugglerbande;Joan Aiken;1;;;
Die Kinder von Holderness;Joan Aiken;1;;;
Rico, Oskar und die Tieferschatten;Andreas Steinhöfel;1;;;
Die Welt am Ende der Welt;Mona und Erik Ziemen;1;;;
In den Wäldern am kalten Fluss;William Judson;1;;;
Geheimmission Mond;P. B. Kerr;1;;;
Drei Jungen vor dem Mast;Jaques Christophe;1;;;
Großer Tiger und Christian;Fritz Mühlenweg;1;;;
Der Spaziergang von Rostock nach Syrakus;Friedrich Christan Delius;1;;;
Lord Jim;Joseph Conrad;1;;;
Dschungelkind;Sabine Kuegler;1;;;
Call of the Wild;Jack London;1;;;Englisch
Call of the wild;Jack London;1;;;
Die geheime Welt von Polly Flint;Helen Cresswell;1;;;
Die Spür führt nach Stockholm;Federica De Cesco;1;;;
Frei wie die Sonne;Federica De Cesco;1;;;
Frei wie die Sonne;Federica De Cesco;1;;;
Das Gold der Azteken;Federica De Cesco;1;;;
Was wißt ihr von uns?;Federica De Cesco;1;;;
Der Türkisvogel;Federica De Cesco;1;;;
Zwei Sonnen am Himmel;Federica De Cesco;1;;;
Der Prinz von Mexiko;Federica De Cesco;1;;;
Wüstenmond;Federica De Cesco;1;;;
Samira Erbin der Ihaggaren;Federica De Cesco;1;;;
Aischa oder die Sonne des Lebens;Federica De Cesco;1;;;
Im Wind Der Camargue;Federica De Cesco;1;;;
Das Geheimnis der Krötenechse;Werner J. Egli;1;;;
Sanfte Landung mit Knall;Wolfgang Ecke;1;;;
Seehunde SOS;Eilis Dillon;1;;;
Unter dem Äquator;Friedich Gerstäcker;1;;;
Die Flußpiraten des Mississippi;Friedich Gerstäcker;1;;;
Die Regulatoren in Aransas;Friedich Gerstäcker;1;;;
Tahiti;Friedich Gerstäcker;1;;;
Gold;Friedich Gerstäcker;1;;;
Riffe in der Torresstraße;Friedich Gerstäcker;1;;;
Die Reise nach Tandilan;Sigrid Heuck;1;;;
Die Tintenfische aus dem zweiten Stock;Ota Hofman;1;;;
Flußläufer;James Houston;1;;;
Jäger in der Nacht;Monica Hughes;1;;;
Kishons beste Geschichten;Herbig;1;;;
Die Spur des Bären;R. A. Montgomery;1;;;
Am Berg des Roten Fuchses;Allan Campbell McLean;1;;;
Ein Indianer namens Heinrich;Jo Pestum;1;;;
Jonny Brooks unter falschen Flagge;Frederik Naval;1;;;
Das verzauberte Schloss;Edith Nesbit;1;;;
Die Kinder von Arden;Edith Nesbit;1;;;
Großer-Tiger und Christian;Fritz Mühlenweg;1;;;
Rico, Oskar und das Herzgebreche;Andreas Steinhöfel;1;;;
Die Nacht, als keiner Schlief;Steinar Sörlle;1;;;
Ein Elefant für Muthu;Carolyn Sloan;1;;;
Die Reise in den Norden;Karla Schneider;1;;;
Vorsicht: Paradies;Dagmar Scherf;1;;;
Auf der Suche nach Padjelanta;Anton Quintana;1;;;
Die Abenteuer des Kapitäns Hatteras;Jules Verne;1;;;
Der blinde Passagier;Alfred Weidenmann;1;;;
Der doppelte Schlüssel;Alfred Weidenmann;1;;;
Die Glorreichen 7 und der Junge aus dem Meer;Alfred Weidenmann;1;;;
Die Glorreichen Sieben;Alfred Weidenmann;1;;;
BoyBoy und die Kanukinder;Wolfgang Wegner & Evamaria Steinke;1;;;
Abenteuerliche Reise des kleinen Schmiedledick mit den Zigeunern;Elisabeth Walter;1;;;
Kleiner-Weg;Arnulf Zitelmann;1;;;
Die Höhlen in den schwarzen Bergen;Liselotte Welskopf-Heinrich;1;;;
Johannes Gutenberg;Friedrich Feld;2;;;
Im Bann der Dämonen;William Sleator;2;;;
Super gute Tage oder die sonderbare Welt des Christopher Boone;Mark Haddon;2;;;
Abgezockt;Andreas Schlüter;2;;;
Black Shark;Werner J. Egli;2;;;
Operation Red Jericho;Joshua Mowll;2;;;
Operation Taifun;Joshua Mowll;2;;;
Das geheimnisvolle Haus-Der Safe mit dem Rätselschloß-Die Abenteuerin;Edgar Wallace;2;;;
Meisterdetektiv Agaton Sax;Nils-Olof Franzén;2;;;
Die drei ??? kids Fauler Zauber;Alfred Hitchcock;2;;;
Die drei ??? und die flüsternde Mumie;Alfred Hitchcock;2;;;
Die drei ??? Geisterbucht 1;Alfred Hitchcock;2;;;
Die drei ??? Geisterbucht 2;Alfred Hitchcock;2;;;
Die Drei ???-Der brennende Kristall;Alfred Hitchcock;2;;;
Die drei ??? Insektenstachel;Alfred Hitchcock;2;;;
Die drei ??? Insektenstachel;Alfred Hitchcock;2;;;
Die drei ??? Insektenstachel;Alfred Hitchcock;2;;;
Die drei ??? und das Narbengesicht;Alfred Hitchcock;2;;;
Die drei ??? und die falmmende Spur;Alfred Hitchcock;2;;;
Die drei ??? und der verschwundene Schatz;Alfred Hitchcock;2;;;
Echo des Bösen;Alfred Hitchcock;2;;;
Die drei ??? und der Teufelsberg;Alfred Hitchcock;2;;;
Die drei ??? und der Höhlenmensch;Alfred Hitchcock;2;;;
Die drei ??? und das Narbengesicht;Alfred Hitchcock;2;;;
Das Netz der Schattenspiele;Ralf Isau;2;;;
Paul Pepper und die sechs Dunkelmänner;Felix Huby;2;;;
Der flüsternde Berg;Joan Aiken;2;;;
Die heiße Spur;Hans Jürgen Press;2;;;
Gruselkabinett -  Der alte Trödlerladen;Alfred Hitchcock;2;;;
Die drei ??? und der Super-Papagei;Alfred Hitchcock;2;;;
Achtung Klappe;Wolfgang Ecke;2;;;
Der silberne Buddha;Wolfgang Ecke;2;;;
Der Herr in der grauen Beinkleidern;Wolfgang Ecke;2;;;
Das unheimliche Haus von Hackston;Wolfgang Ecke;2;;;
Die Dame mit dem schwarzen Dackel;Wolfgang Ecke;2;;;
Das Geheimnis der weißen Raben;Wolfgang Ecke;2;;;
Das Geheimnis der weißen Raben;Wolfgang Ecke;2;;;
Die Insel der blauen Kapuzen;Wolfgang Ecke;2;;;
Privatdetektiv Perry Clifton;Wolfgang Ecke;2;;;
Spuk um Mitternacht;Wolfgang Ecke;2;;;
Der Schrecken aller Geister;Wolfgang Ecke;2;;;
Glatze mit Sommersprossen;Wolfgang Ecke;2;;;
Ein Fall für Perry Clifton;Wolfgang Ecke;2;;;
Chip jagd P. Peroni;Brian Doyle;2;;;
Edgar Wallace und der Fall - Themsedock;Christopher Knock;2;;;
Edgar Wallace und der Fall Morehead;Christopher Knock;2;;;
Edgar Wallace und der Fall - Nightelmoore;Christopher Knock;2;;;
Edgar Wallace und der Fall - Queen's Dance;Chistopher Knock;2;;;
Edgar Wallace und der Fall - Beverley Green;Christopher Knock;2;;;
Die drei ??? und das Bergmonster;Alfred Hitchcock;2;;;
Die drei ??? im Bann der Phantome;Alfred Hitchcock;2;;;
Die drei ??? und der rasende Löwe;Alfred Hitchcock;2;;;
Die drei ??? und das Gespensterschloss;Alfred Hitchcock;2;;;
Die drei ??? Das leere Grab;Alfred Hitchcock;2;;;
Die drei ??? - Pistenteufel;Alfred Hitchcock;2;;;
Die drei ??? Stimmen aus dem Nichts;Alfred Hitchcock;2;;;
Die drei ??? und der Schatz der Mönche;Alfred Hitchcock;2;;;
Die drei ??? Meuterei auf hoher See - Nacht in Angst;Alfred Hitchcock;2;;;
Gruselkabinett - Hexengebräu;Alfred Hitchcock;2;;;
Gruselkabinett - De Insel der Stimmen;Alfred Hitchcock;2;;;
Level 4- Die Stadt der Kinder;Andreas Schlüter;2;;;
Ein Teufelsbraten;Andreas Schlüter;2;;;
Der Ring der Gedanken;Andreas Schlüter;2;;;
Jagd im Internet;Andreas Schlüter;2;;;
Geisterhand;Andreas Schlüter;2;;;
Crash;Andreas Schlüter;2;;;
Geisterspinne;Andreas Schlüter;2;;;
Lösegeld!;Andreas Schlüter;2;;;
e;Andreas Schlüter;2;;;
Sherlock Holmes- Sein erster Fall;Sir Arthur Conan Doyle;2;;;
Sherlock Holmes- Der Hund von Baskerville;Sir Arthur Conan Doyle;2;;;
Sherlock Holmes- Die neue Katakombe;Sir Arthur Conan Doyle;2;;;
Sherlock Holmes- Nacht der Vergelltung;Gerald Frow;2;;;
Sherlock Holmes;Sir Arthur Conan Doyle;2;;;
Beschützer der Diebe;Andreas Steinhöfel;2;;;
Bea Luchs - und das falsche Alibi;Christine Egger;2;;;
Der Detektiv bist du!;Jim Sukach;2;;;
Das Geheimnis von Port West;Anthony Horowitz;2;;;
Mörderisches Spiel;Anthony Horowitz;2;;;
Stormbreaker;Anthony Horowitz;2;;;
Skeleton Key;Anthony Horowitz;2;;;
Gemini-Project;Anthony Horowitz;2;;;
Operation Mikado;Bjarne Reuter;2;;;
Das Camp der Vergessenen;Mike Stuart;2;;;
Was geschah in Echo Falls?;Peter Abrahams;2;;;
Meisterfälscher;Elise Broach;2;;;
Panther;Carl Hiaasen;2;;;
The Hound of the Baskervilles;Sir Arthur Conan Doyle;2;;;Englisch, Sherlock Holmes
The Hound of the Baskervilles;Sir Arthur Conan Doyle;2;;;Englisch, Sherlock Holmes
The Hound of the Baskervilles;Sir Arthur Conan Doyle;2;;;Englisch, Sherlock Holmes
The Red Circle;Sir Arthur Conan Doyle;2;;;Englisch, Sherlock Holmes
The Red Circle;Sir Arthur Conan Doyle;2;;;Englisch, Sherlock Holmes
The Red Circle;Sir Arthur Conan Doyle;2;;;Englisch, Sherlock Holmes
The Red Circle;Sir Arthur Conan Doyle;2;;;Englisch, Sherlock Holmes
The Red Circle;Sir Arthur Conan Doyle;2;;;Englisch, Sherlock Holmes
The Speckled Band;Sir Arthur Conan Doyle;2;;;Englisch, Sherlock Holmes
The Speckled Band;Sir Arthur Conan Doyle;2;;;Englisch, Sherlock Holmes
Kevin & Schröder - Die Diskette;Bernt Danielsson;2;;;
Lionboy - Die Entführung;Zizou Corder;2;;;
Zimmer 777;Maria Axt;2;;;
Schatten am Fenster;Maria Axt;2;;;
Fletcher Moon - Privatdetektiv;Eoin Colfer;2;;;
Young Sherlock Holmes - Der Tod liegt in der Luft;Andrew Lane;2;;;
Täter gesucht;Hrsg. René Oth;2;;;
Bloße Hände;Bart Moeyaert;2;;;
Das Rote U;Wilhelm Matthießen;2;;;
Alle Detektive heissen Flanagan;Andreu Martín, Jaume Ribera;2;;;
Hinter der blauen Tür;Inger Skote;2;;;
Privatdetektiv Mike McCoy;Rainer M. Schröder;2;;;
Dicke Fische kleine Gauner;Hrsg. Alfred Weidemann;2;;;
Das Geheimnis der grünen Maske;Alfred Weidenmann;2;;;
Der König und der Prügelknabe;Maria Gripe;3;;;
Eulen Gesang;Iva Procházková;3;;;
Wo warst du, Robert?;Hans Magnus Enzensberger;3;;;
Wolfsaga;Käthe Recheis;3;;;
Der Zauberschatz von Astalon;Joan Aiken;3;;;
Die Hexe von Clatteringshaws;Joan Aiken;3;;;
Die Wächter;John Christopher;3;;;
Das Bildnis der Alice Farnworth;Simon Schott;3;;;
Bartimäus 2 -Das Auge des Golems;Jonathan Stroud;3;;;
Bartimäus-Die Pforte des Magiers;Jonathan Stroud;3;;;
Hüter der Erinnerung;Lois Lowry;3;;;
Auf der Suche nach dem Blau;Lois Lowry;3;;;
Der goldene Kompass;Philip Pullman;3;;;
Das Magische Messer;Philip Pullman;3;;;
Das Bernstein-Teleskop;Philip Pullman;3;;;
Das Banner Des Roten Adlers;Philip Pullman;3;;;
tödliche Missverständnisse;Philip Pullman;3;;;
Feanors Fluch;J.R.R. Tolkien;3;;;
Die Geschichte der Kinder des Húrins;J.R.R. Tolkien;3;;;
Tuor und seine Ankunft in Gondolin;J.R.R. Tolkien;3;;;
Der Herr der Ringe 1;J.R.R. Tolkien;3;;;
Der Herr der Ringe 2;J.R.R. Tolkien;3;;;
Der Herr der Ringe 3;J.R.R. Tolkien;3;;;
Eragon Das Vermächtnis der Drachenreiter;Christopher Paolini;3;;;
Eragon Der Auftrag des Ältesten;Christopher Paolini;3;;;
Eragon- die Weisheit des Feuers;Christopher Paolini;3;;;
Eragon - Das Erbe der Macht;Christopher Paolini;3;;;
Das Schwert in der Stille;Lian Hearn;3;;;
Der Pfad im Schnee;Lian Hearn;3;;;
Der Glanz des Mondes;Lian Hearn;3;;;
Der Ruf des Reihers;Lian Hearn;3;;;
Wintersonnenwende;Susan Cooper;3;;;
Biss zum Morgengrauen;Stephenie Meyer;3;;;
Seelen;Stephenie Meyer;3;;;
Biss 2;Stephenie Meyer;3;;;
Biss 3;Stephenie Meyer;3;;;
Biss Band 4;Stephenie Meyer;3;;;
Die Sturmjäger von Aradon - Feenlicht;Jenny-Mai Nuyen;3;;;
Der letzte Elf;Silvana De Mari;3;;;
Die Novizin;Trudi Canavan;3;;;
Die Meisterin;Trudi Canavan;3;;;
Der Schlund;Gudrun Pausewang;3;;;
Der Wilde Wald;Tonke Dragt;3;;;
Der Wilde Wald;Tonke Dragt;3;;;
Tigeraugen;Tonke Dragt;3;;;
Das Buch der toten Tage;Marcus Sedgwick;3;;;
Die Tribute von Panem - Tödliche Spiele;Suzanne Collins;3;;;
Die Tribute von Panem 2;Suzanne Collins;3;;;
Die Tribute von Panem - Flammender Zorn;Suzanne Collins;3;;;
Im Kreis des Feuers;Marianne Curley;3;;;
Diie Hüter der Zeit;Marianne Curley;3;;;
Silberflügel;Kenneth Oppel;3;;;
Das Schwert in der Stille;Lian Hearn;3;;;
Magyk;Septimus Heap;3;;;
Der Sumpf der Skorpione;Steve Jackson;3;;;
Die Kraft der Mandola;Diana Wynne Jones;3;;;
Das Geheimnis des siebten Zauberers;Diana Wynne Jones;3;;;
Das Supergruselbuch;R.L. Stine;3;;;
Die gefesselten Gespenster;Werner Hörnemann;3;;;
Harry Potter und der Stein der Weisen;J.K. Rowling;3;;;
Harry Potter 2;J.K. Rowling;3;;;
Harry Potter und die Kammer des Schreckens; Band 2;J.K. Rowling;3;;;
Harry Potter Band 3;J.K. Rowling;3;;;
Harry Potter und der Feuerkelch;J.K. Rowling;3;;;
Harry Potter 4;J.K. Rowling;3;;;
Harry Potter und der Orden des Phoenix;J.K. Rowling;3;;;
Harry Potter Band 6;J.K. Rowling;3;;;
Harry Potter 7;J.K. Rowling;3;;;
Laurins Geheimnis;Christa König;3;;;
Harry Potter und der Stein der Weisen;J.K. Rowling;3;;;
Die Mennyms;Sylvia Waugh;3;;;
Die Mennyms auf der Flucht;Sylvia Waugh;3;;;
Die Mennyms in der Falle;Sylvia Waugh;3;;;
Das Gespenstergespenst;Thomas Burger;3;;;Gruselgeschichten
Der kleine Hobbit;J.R.R. Tolkien;3;;;
Der kleine Hobbit;J.R.R. Tolkien;3;;;
Gruselfieber - Vergesst mich nicht!;R.L. Stine;3;;;
Gruselfieber - Zweimal ich;R.L. Stine;3;;;
Der Schatz von Atlantis;Gabriele Beyerlein;3;;;
Hexenspuk in Wokingham;Othmar Franz Lang;3;;;
Nessie und die Geister der MacLachlan;Othmar Franz Lang;3;;;
Gänsehaut, Vollmondfieber;R.L. Stine;3;;;
Gänsehaut, Die unheimliche Puppe kehrt zurück;R.L. Stine;3;;;
Gänsehaut, Panikpark;R.L. Stine;3;;;
Gänsehaut, Fünf x ich;R.L. Stine;3;;;
Schlag zwölf beginnt die Geisterstunde;Käthe Recheis;3;;;
Der Goldschmied und der Dieb;Tonke Dragt;3;;;
Sieben Siegel - Tor zwischen den Welten;Kai Meyer;3;;;
Sieben Siegel - Mondwanderer;Kai Meyer;3;;;
Artemis Fowl;Eoin Colfer;3;;;
Artemis Fowl - Die Verschwörung;Eoin Colfer;3;;;
Artemis Fowl - Der Geheimcode;Eoin Colfer;3;;;
Artemis Fowl - Die verlorene Kolonie;Eoin Colfer;3;;;
Cosmo Hill - Der Supernaturalist;Eoin Colfer;3;;;
Artemis Fowl - Das Zeitparadox;Eoin Colfer;3;;;
Das Orakel von Oohnagh;Flavia Bujor;3;;;
Der schwarze Mond;Gabriele Beyerlein;3;;;
Twig im Dunkelwald;Paul Steward, Chris Riddell;3;;;
Das Geheimnis der versunkenen Pyramide;Silvana Gandolfi;3;;;
Die Meute der Mórrígan;Pat O'Shea;3;;;
Lee Raven;Zizou Corder;3;;;
Schimmer;Ingrid Law;3;;;
Percy Jackson - Diebe im Olymp;Rick Riordan;3;;;
Percy Jackson - Im Bann des Zyklopen;Rick Riordan;3;;;
Percy Jackson - Der Fluch des Titanen;Rick Riordan;3;;;
Percy Jackson - Die Schlacht um das Labyrinth;Rick Riordan;3;;;
Percy Jackson - Die letzte Göttin;Rick Riordan;3;;;
Helden des Olymp - Der verschwundene Halbgott;Rick Riordan;3;;;
Die Kane- Chroniken - Der Schatten der Schlange;Rick Riordan;3;;;
Die Kane- Chroniken - Der Feuerthron;Rick Riordan;3;;;
Die Kane- Chroniken - Die rote Pyramide;Rick Riordan;3;;;
Die Stadt der träumenden Bücher;Walter Moers;3;;;
Der Schrecksenmeister;Walter Moers;3;;;
Der Schrecksenmeister;Walter Moers;3;;;
Ein Schiff aus Narnia;C.S. Lewis;3;;;
Schnüffler auf Burg Schreckenstein;Oliver Hassencamp;3;;;
Graf Dracula auf Schreckenstein;Oliver Hassencamp;3;;;
Die Medlevinger;Kirsten Boie;3;;;
Harry Potter and the Order of Phoenix;J.K. Rowling;3;;;Englisch
Superhelden Superschurken - Stoppt Doc Tempest;Andy Briggs;3;;;
Salmon 76 - Verschwörung im Weltraum;Mark Brandis;3;;;Sci-Fi
Die Königin der Schatten;Erika Johansen;3;;;
Der kleine Hobbit;J.R.R. Tolkien;3;;;
Die Götterkriege - Die Rose von Illian;Richard Schwarz;3;;;
Die Bestimmung;Veronica Roth;3;;;
Seide und Schwert;Kai Meyer;3;;;
Die Sonne bleibt nicht stehen;Gabriele Beyerlein;5;;;
Sofies Welt;Jostein Gaarder;6;;;
Das Kartengeheimnis;Jostein Gaarder;6;;;
Der seltene Vogel;Jostein Gaarder;6;;;
Durch einen Spiegel, in einem dunklen Wort;Jostein Gaarder;6;;;
Bibbi Bokkens magische Bibliothek;Jostein Garder & Klaus Hagerup;6;;;
Sofies Welt;Jostein Gaarder;6;;;
Prinz und Bettelknabe;Mark Twain;6;;;
Tom Sawyers Abenteuer;Mark Twain;6;;;
Prinz und Bettelknabe;Mark Twain;6;;;
Lippels Traum;Paul Maar;6;;;
Rasmus Pontus und der Schwertschlucker;Astrid Lindgren;6;;;
Rasmus und der Landstreicher;Astrid Lindgren;6;;;
Kalle Blomquist;Astrid Lindgren;6;;;
Die Brüder Löwenherz;Astrid Lindgren;6;;;
Die Kinder aus Bullerbü;Astrid Lindgren;6;;;
Ronja Räubertochter;Astrid Lindgren;6;;;
Ferien auf Saltkrokan;Astrid Lindgren;6;;;
Ferien auf Saltkrokan;Astrid Lindgren;6;;;
Wir pfeifen auf den Gurkenkönig;Christine Nöstlinger;6;;;
Hugo, das Kind in den Besten Jahren;Christine Nöstlinger;6;;;
Man nennt mich Ameisenbär...;Christine Nöstlinger;6;;;
Oh, Du Hölle!! Julias Tagebuch;Christine Nöstlinger;6;;;
Gretchen mein Mädchen;Christine Nöstlinger;6;;;
Echt Susi;Christine Nöstlinger;6;;;
Am Montag ist Alles ganz anders;Christine Nöstlinger;6;;;
Münchhausen;Erich Kästner;6;;;
Robin Hood;Daniel Defoe;6;;;
Oliver Twist;Charles Dickens;6;;;
Rosa Riedl - Schutzgespenst;Christine Nöstlinger;6;;;
Maikäfer Flieg;Christine Nöstlinger;6;;;
Maikäfer flieg-zwei Wochen im Mai;Christine Nöstlinger;6;;;
Villa Henriette;Christine Nöstlinger;6;;;
Wetti und Babs;Christine Nöstlinger;6;;;
Einen Vater hab ich auch;Christine Nöstlinger;6;;;
Hände weg von Mississippi;Cornelia Funke;6;;;
Drachenreiter;Cornelia Funke;6;;;
Herr der Diebe;Cornelia Funke;6;;;
Tintenherz;Cornelia Funke;6;;;
Tintenblut;Cornelia Funke;6;;;
Die wilden Hühner;Cornelia Funke;6;;;
Tintentod;Cornelia Funke;6;;;
Reckless - Steinernes Fleisch;Cornelia Funke;6;;;
Tom Sawyer & Huckleberry Finn;Mark Twain;6;;;
Tom Sawyers Abenteuer;Mark Twain;6;;;
5 Freunde beim Wanderzirkus;Enid Blyton;6;;;
5 Freunde im Zeltlager;Enid Blyton;6;;;
Fünf Freunde - helfen ihren Kameraden;Enid Blyton;6;;;
Freunde und Du erforschen die Schatzinsel;Enid Blyton;6;;;
Fünf Freunde - auf Schmugglerjagd;Enid Blyton;6;;;
5 Freunde und ein Zigeunermädchen;Enid Blyton;6;;;
5 Freunde im Nebel;Enid Blyton;6;;;
Geheimnis um eine Efeuvilla;Enid Blyton;6;;;
5 Freunde und du als Retter in der Not;Enid Blyton;6;;;
Robinson Crusoe;Daniel Defoe;6;;;
Rätsel um den tiefen Keller;Enid Blyton;6;;;
Rätsel um die grüne Hand;Enid Blyton;6;;;
Rätsel um die grüne Hand;Enid Blyton;6;;;
Momo;Michael Ende;6;;;
Jim Knopf;Michael Ende;6;;;
Jim Knopf;Michael Ende;6;;;
Die unendliche Geschichte;Michael Ende;6;;;
Die unendliche Geschichte;Michael Ende;6;;;Michael Ende, unendlich, Geschichte
Eine Weihnachtsgeschichte;Charles Dickens;6;;;
Monsun oder der weiße Tiger;Klaus Kordon;6;;;Bombay, Gopu
Romane;Daniel Defoe;6;;;
Romane Teil 2;Daniel Defoe;6;;;
Der kleine Prinz;Antoine de Saint-Exupery;6;;;
Sammelband;Erich Kästner;6;;;
Die Zeit ist kaputt - die Lebensgeschichte des Erich Kästner;Klaus Kordon;6;;;
Mr Bat's Great Invention;Christine Nöstlinger;6;;;Englisch
The Prince and the Pauper;Mark Twain;6;;;Englisch
Robinson Crusoe;Daniel Defoe;6;;;Englisch
Treasure Island;R.L. Stevenson;6;;;Englisch
Oliver Twist;Charles Dickens;6;;;Englisch
The bottle imp;R.L. Stevenson;6;;;
The Prince and the Pauper;Mark Twain;6;;;
The Prince and the Pauper;Mark Twain;6;;;
Conrad;Christine Nöstlinger;6;;;
Marrying off Mother;Christine Nöstlinger;6;;;
Fly away home;Christine Nöstlinger;6;;;
Der Doppelmord;Edgar Allan Poe;7;;;
Dann eben mit Gewalt;Jan De Zanger;7;;;
Mkadam - Chronik eines Mordes;Dieter Bongratz;7;;;
Nur 3 Tage;Donna Jo Napoli;7;;;
Das Lächeln der Spinne;Jürgen Banscherus;7;;;
Der Erdbeerpflücker;Monika Feth;7;;;
Das blaue Mädchen;Monika Feth;7;;;
Der Mädchenmaler;Monika Feth;7;;;
Der Mädchenmaler;Monika Feth;7;;;
Der Scherbensammler;Monika Feth;7;;;
Der Schattengänger;Monika Feth;7;;;
Teufelsengel;Monika Feth;7;;;
The bad Tuesdays;Benjamin J. Myors;7;;;
Der Ghost Writer;Harris, Robert;7;;;Krimi, CIA
Operation Ocean Emerald;Ilkka Remes;7;;;
Der Joker;Markus Zusak;7;;;
Der Unsichtbare;Mats Wahl;7;;;
Kaltes Schweigen;Mats Wahl;7;;;
Kill;Mats Wahl;7;;;
Little Brother;Cory Doctorow;7;;;
Tote Mädchen lügen nicht;Jay Asher;7;;;
Lügenengel;Ulrike Bliefert;7;;;
Top Secret 2;Robert Muchamore;7;;;Cherub
Top Secret 3;Robert Muchamore;7;;;Cherub
Top Secret 4;Robert Muchamore;7;;;
Der Kater und die kalten Herzen;Jo Pestum;7;;;
Der Kater kommt zurück;Jo Pestum;7;;;
Der Kater jagt die grünen Hunde;Jo Pestum;7;;;
Der Kater und der Ruf im Nebel;Jo Pestum;7;;;
Zugeschnappt;Jo Pestum;7;;;
Emma und Daniel;Mats Wahl;7;;;
Schlussball;Gerd Gaiser;7;;;
Das Mädchen;Stephen King;7;;;
Lüge eines Lebens - Stachelmanns vierter Fall;Christian v. Ditfurth;7;;;
Laienspiel;Volker Klüpfel und Michael Kobr;7;;;Kluftingers vierter Fall
Der Gottespakt;Juan Gómez-Jurado;7;;;
Tod auf dem Jakobsweg;Petra Oelker;7;;;
Die Rückkehr des Tanzlehrers;Henning Mankell;7;;;
Der Jadereiter;John Burdett;7;;;Thriller
Tod einer roten Heldin;Qiun Xiaolong;7;;;
Felix und das liebe Geld;Nicolaus Piper;7;;;Wirtschaft
Meisterklasse;Ally Carter;7;;;
Dr. Siri und seine Toten;Colin Cotterill;7;;;
Killing Rage;Eamon Collins;7;;;
Sommernachtsschrei;Manuela Martini;7;;;
Indianische Liebesgeschichte;Oliver La Farge;8;;;
Unter Verdacht;Joyce Carol Oates;8;;;
Du & Du & Du;Per Nilsson;8;;;
Carolina;Iva Prochakkova;8;;;
Der Tiger auf deiner Schulter;Günter Ohnemus;8;;;
Die Sache mit Christoph;Irina Korschunow;8;;;
Anna;Justus Pfaue;8;;;
Bloß (k)eine Heirat;Bali Rai;8;;;
Lucas;Kevin Brooks;8;;;
Der gelbe Vogel;Myron Levoy;8;;;
Drei Freunde;Myron Levoy;8;;;
Adam und Lisa;Myron Levoy;8;;;
So lonely;Per Nilsson;8;;;
Wahnsinnsgefühl;Achim Bröger;8;;;
Prinz William, Maximilian Minsky und ich;Holly-Jane Rahlens;8;;;
Mauerblümchen;Holly-Jane Rahlens;8;;;
Unter Verdacht;Joyce Carol Oates;8;;;
Das blaue Mädchen;Monika Feth;8;;;
Charlottes Traum;Gabi Kreslehner;8;;;
Easy und Scheer;Gerd Fuchs;8;;;
Einen Klick entfernt von dir;Sara Kadefors;8;;;
Zwischen Himmel und Hölle;Otti Pfeiffer;8;;;
Hin und weg von dir;Bender/Kalinke;8;;;
Wie Licht schmeckt;Friedrich Ani;8;;;
Aus dem Tackt;Mats Berggren;8;;;
Tante Tilli macht Theater;Peter Härtling;8;;;
Bettina und Achim ;Frederik Hetmann;8;;;
Svenja hats erwischt;Christian Bieniek;8;;;
Berts heimliche Katastrophen;S. Olsson, A. Jacobsson;8;;;
Das Geheimnis der Bucht ;Haege Follegg Pedersen;8;;;
Hexentricks und Liebeszauber;Bianka Minte-König;8;;;
Was reimt sich auf Liebe?;Sabine Both;8;;;
Floraliebling;Dagmar Chidolue;8;;;
Liebkind im Vogelnest;Peter Hacks;8;;;
Dshamilija;Tschingis Aitmatow;8;;;
Aschermittwoch;Ethan Hawke;8;;;
Wellen;Eduard von Keyserling;8;;;
Crazy;Benjamin Lebert;8;;;
Julischatten;Antje Babendererde;8;;;
Die erste Liebe;John Green;8;;;
Margos Spuren;John Green;8;;;
Der Sommer, als ich schön wurde;Jenny Han;8;;;
Feuer und Flamme;Jenny Han/Siobhan Vivian;8;;;
Der Sommer, der nur uns gehört;Jenny Han;8;;;
Ohne dich kein Sommer;Jenny Han;8;;;
Weil ich will Liebe;Colleen Hoover;8;;;
Ein ganzes halbes Jahr;Jojo Moyes;8;;;
Liebesbriefe aus Wiepersdorf;Peter Nell;8;;;
